,datasetId,@odata.context,days,times,enabled,localTimeZoneId,notifyOption
0,051c2701-3d54-418f-b186-8115b716848c,http://wabi-north-europe-l-primary-redirect.analysis.windows.net/v1.0/myorg/$metadata#Microsoft.PowerBI.ServiceContracts.Api.V1.RefreshSchedule,"Sunday,Monday,Tuesday,Wednesday,Thursday,Friday,Saturday",08:30,True,Arabian Standard Time,MailOnFailure
0,458ce5f8-01dd-4f80-bce5-35178f77f69a,http://wabi-north-europe-l-primary-redirect.analysis.windows.net/v1.0/myorg/$metadata#Microsoft.PowerBI.ServiceContracts.Api.V1.RefreshSchedule,"Sunday,Monday,Tuesday,Wednesday,Thursday,Friday,Saturday",08:30,False,Arabian Standard Time,MailOnFailure
0,7d26904e-49e2-4999-b71b-6a09beea453f,http://wabi-north-europe-l-primary-redirect.analysis.windows.net/v1.0/myorg/$metadata#Microsoft.PowerBI.ServiceContracts.Api.V1.RefreshSchedule,"Sunday,Monday,Tuesday,Wednesday,Thursday,Friday,Saturday",08:30,True,Arabian Standard Time,MailOnFailure
0,90d4ae7f-37c3-45fe-8246-4cd29dbb8dd5,http://wabi-north-europe-l-primary-redirect.analysis.windows.net/v1.0/myorg/$metadata#Microsoft.PowerBI.ServiceContracts.Api.V1.RefreshSchedule,"Sunday,Monday,Tuesday,Wednesday,Thursday,Friday,Saturday",08:30,True,Arabian Standard Time,MailOnFailure
0,8116d7d7-addd-4104-a655-39bdc754736f,http://wabi-north-europe-l-primary-redirect.analysis.windows.net/v1.0/myorg/$metadata#Microsoft.PowerBI.ServiceContracts.Api.V1.RefreshSchedule,"Sunday,Monday,Tuesday,Wednesday,Thursday,Friday,Saturday",10:00,True,Arabian Standard Time,MailOnFailure
0,c2496aa2-5ef4-4d4b-81c4-b6bc17c24935,http://wabi-north-europe-l-primary-redirect.analysis.windows.net/v1.0/myorg/$metadata#Microsoft.PowerBI.ServiceContracts.Api.V1.RefreshSchedule,"Sunday,Monday,Tuesday,Wednesday,Thursday,Friday,Saturday",08:30,False,Arabian Standard Time,NoNotification
0,f9867a7d-eb7b-4f20-ba3c-196fb98b1f88,http://wabi-north-europe-l-primary-redirect.analysis.windows.net/v1.0/myorg/$metadata#Microsoft.PowerBI.ServiceContracts.Api.V1.RefreshSchedule,"Sunday,Monday,Tuesday,Wednesday,Thursday,Friday,Saturday",08:30,False,Arabian Standard Time,MailOnFailure
0,774b2eaf-1464-4947-a93a-b608611fa8ec,http://wabi-north-europe-l-primary-redirect.analysis.windows.net/v1.0/myorg/$metadata#Microsoft.PowerBI.ServiceContracts.Api.V1.RefreshSchedule,"Sunday,Monday,Tuesday,Wednesday,Thursday,Friday,Saturday",09:00,False,Arabian Standard Time,MailOnFailure
0,7feaf539-0598-45ea-a221-acde73f3c1de,http://wabi-north-europe-l-primary-redirect.analysis.windows.net/v1.0/myorg/$metadata#Microsoft.PowerBI.ServiceContracts.Api.V1.RefreshSchedule,"Sunday,Monday,Tuesday,Wednesday,Thursday,Friday,Saturday",09:30,False,Arabian Standard Time,MailOnFailure
0,75f8aa65-82df-4733-b421-324222fed52f,http://wabi-north-europe-l-primary-redirect.analysis.windows.net/v1.0/myorg/$metadata#Microsoft.PowerBI.ServiceContracts.Api.V1.RefreshSchedule,"Sunday,Monday,Tuesday,Wednesday,Thursday,Friday,Saturday",09:00,True,Arabian Standard Time,MailOnFailure
0,a96e6fb2-c8d1-4ff0-b3a6-d1a2caa087ba,http://wabi-north-europe-l-primary-redirect.analysis.windows.net/v1.0/myorg/$metadata#Microsoft.PowerBI.ServiceContracts.Api.V1.RefreshSchedule,"Sunday,Monday,Tuesday,Wednesday,Thursday,Friday,Saturday",09:30,False,Arabian Standard Time,MailOnFailure
0,937ce562-5d53-497b-9648-a1e4ce30408e,http://wabi-north-europe-l-primary-redirect.analysis.windows.net/v1.0/myorg/$metadata#Microsoft.PowerBI.ServiceContracts.Api.V1.RefreshSchedule,"Sunday,Monday,Tuesday,Wednesday,Thursday,Friday,Saturday",08:30,True,Arabian Standard Time,MailOnFailure
0,fe39c90a-c0e2-44d0-9e31-64dd155f3d81,http://wabi-north-europe-l-primary-redirect.analysis.windows.net/v1.0/myorg/$metadata#Microsoft.PowerBI.ServiceContracts.Api.V1.RefreshSchedule,"Sunday,Monday,Tuesday,Wednesday,Thursday,Friday,Saturday",07:00,True,Arabian Standard Time,MailOnFailure
0,9d9bbc6f-a7b4-44f9-b97d-1e577e3dfacb,http://wabi-north-europe-l-primary-redirect.analysis.windows.net/v1.0/myorg/$metadata#Microsoft.PowerBI.ServiceContracts.Api.V1.RefreshSchedule,"Sunday,Monday,Tuesday,Wednesday,Thursday,Friday,Saturday",08:30,True,Arabian Standard Time,MailOnFailure
0,68f0c0a6-27ba-40e2-be8f-1bf9ee83983f,http://wabi-north-europe-l-primary-redirect.analysis.windows.net/v1.0/myorg/$metadata#Microsoft.PowerBI.ServiceContracts.Api.V1.RefreshSchedule,"Sunday,Monday,Tuesday,Wednesday,Thursday,Friday,Saturday","04:30,08:30",True,Arabian Standard Time,MailOnFailure
0,659adff8-c377-4f90-9095-59135e820acb,http://wabi-north-europe-l-primary-redirect.analysis.windows.net/v1.0/myorg/$metadata#Microsoft.PowerBI.ServiceContracts.Api.V1.RefreshSchedule,"Sunday,Monday,Tuesday,Wednesday,Thursday,Friday,Saturday",21:35,False,UTC,MailOnFailure
0,ecb3b05f-6966-46f3-9644-7e7c5f0cb060,http://wabi-north-europe-l-primary-redirect.analysis.windows.net/v1.0/myorg/$metadata#Microsoft.PowerBI.ServiceContracts.Api.V1.RefreshSchedule,"Sunday,Monday,Tuesday,Wednesday,Thursday,Friday,Saturday",09:52,False,UTC,MailOnFailure
0,0704fcf9-d8b0-4cb1-934b-1f3e7f068bfc,http://wabi-north-europe-l-primary-redirect.analysis.windows.net/v1.0/myorg/$metadata#Microsoft.PowerBI.ServiceContracts.Api.V1.RefreshSchedule,"Sunday,Monday,Tuesday,Wednesday,Thursday,Friday,Saturday",06:30,True,Arabian Standard Time,MailOnFailure
0,c6799ffd-d656-4d41-84f6-9a3fd14aa8c4,http://wabi-north-europe-l-primary-redirect.analysis.windows.net/v1.0/myorg/$metadata#Microsoft.PowerBI.ServiceContracts.Api.V1.RefreshSchedule,"Sunday,Monday,Tuesday,Wednesday,Thursday,Friday,Saturday",11:30,False,UTC,MailOnFailure
0,6dbe016c-c81f-447e-a715-9b041776e8ce,http://wabi-north-europe-l-primary-redirect.analysis.windows.net/v1.0/myorg/$metadata#Microsoft.PowerBI.ServiceContracts.Api.V1.RefreshSchedule,"Sunday,Monday,Tuesday,Wednesday,Thursday,Friday,Saturday",07:00,False,UTC,MailOnFailure
0,c5a7b5f2-c5b0-4b7e-b8cf-bb20ae0ba5b1,http://wabi-north-europe-l-primary-redirect.analysis.windows.net/v1.0/myorg/$metadata#Microsoft.PowerBI.ServiceContracts.Api.V1.RefreshSchedule,"Sunday,Monday,Tuesday,Wednesday,Thursday,Friday,Saturday",06:30,True,Arabian Standard Time,MailOnFailure
0,b29cd063-2919-4c8e-ae91-f8a470b769c0,http://wabi-north-europe-l-primary-redirect.analysis.windows.net/v1.0/myorg/$metadata#Microsoft.PowerBI.ServiceContracts.Api.V1.RefreshSchedule,"Sunday,Monday,Tuesday,Wednesday,Thursday,Friday,Saturday",07:00,True,Arabian Standard Time,MailOnFailure
0,c11b922e-f01d-41d1-aa21-25efd16127ac,http://wabi-north-europe-l-primary-redirect.analysis.windows.net/v1.0/myorg/$metadata#Microsoft.PowerBI.ServiceContracts.Api.V1.RefreshSchedule,"Sunday,Monday,Tuesday,Wednesday,Thursday,Friday,Saturday",07:30,True,Arabian Standard Time,MailOnFailure
0,7d9f57f0-99dc-447d-afae-482e3322364b,http://wabi-north-europe-l-primary-redirect.analysis.windows.net/v1.0/myorg/$metadata#Microsoft.PowerBI.ServiceContracts.Api.V1.RefreshSchedule,"Sunday,Monday,Tuesday,Wednesday,Thursday,Friday,Saturday",07:53,False,UTC,MailOnFailure
0,6dbccfeb-90a4-4d72-bebd-f468ae6b8ca3,http://wabi-north-europe-l-primary-redirect.analysis.windows.net/v1.0/myorg/$metadata#Microsoft.PowerBI.ServiceContracts.Api.V1.RefreshSchedule,"Sunday,Monday,Tuesday,Wednesday,Thursday,Friday,Saturday",06:00,True,Arabian Standard Time,MailOnFailure
0,c9bc9ae2-ae7d-4126-9ede-dfa0611349cd,http://wabi-north-europe-l-primary-redirect.analysis.windows.net/v1.0/myorg/$metadata#Microsoft.PowerBI.ServiceContracts.Api.V1.RefreshSchedule,"Sunday,Monday,Tuesday,Wednesday,Thursday,Friday,Saturday",05:00,False,Arabian Standard Time,MailOnFailure
0,e807f4f9-f0a6-459f-98f1-b86f8515d09e,http://wabi-north-europe-l-primary-redirect.analysis.windows.net/v1.0/myorg/$metadata#Microsoft.PowerBI.ServiceContracts.Api.V1.RefreshSchedule,"Sunday,Monday,Tuesday,Wednesday,Thursday,Friday,Saturday",05:00,False,Arabian Standard Time,MailOnFailure
0,c65adf08-6f3b-414b-8dd9-485088091d37,http://wabi-north-europe-l-primary-redirect.analysis.windows.net/v1.0/myorg/$metadata#Microsoft.PowerBI.ServiceContracts.Api.V1.RefreshSchedule,"Sunday,Monday,Tuesday,Wednesday,Thursday,Friday,Saturday",05:00,False,Arabian Standard Time,MailOnFailure
0,dbc5ddf9-b1f7-4c6a-87d8-31b410440e40,http://wabi-north-europe-l-primary-redirect.analysis.windows.net/v1.0/myorg/$metadata#Microsoft.PowerBI.ServiceContracts.Api.V1.RefreshSchedule,"Sunday,Monday,Tuesday,Wednesday,Thursday,Friday,Saturday",07:30,False,Arabian Standard Time,MailOnFailure
0,92f8b6d8-eee4-4fc3-ae51-ef1f79288add,http://wabi-north-europe-l-primary-redirect.analysis.windows.net/v1.0/myorg/$metadata#Microsoft.PowerBI.ServiceContracts.Api.V1.RefreshSchedule,"Sunday,Monday,Tuesday,Wednesday,Thursday,Friday,Saturday",00:00,False,UTC,MailOnFailure
0,b5c66136-3b23-43ca-8248-4364d7dd2f05,http://wabi-north-europe-l-primary-redirect.analysis.windows.net/v1.0/myorg/$metadata#Microsoft.PowerBI.ServiceContracts.Api.V1.RefreshSchedule,"Sunday,Monday,Tuesday,Wednesday,Thursday,Friday,Saturday",02:00,False,UTC,MailOnFailure
0,853a4ab1-98db-4462-815d-788bfac3d605,http://wabi-north-europe-l-primary-redirect.analysis.windows.net/v1.0/myorg/$metadata#Microsoft.PowerBI.ServiceContracts.Api.V1.RefreshSchedule,"Sunday,Monday,Tuesday,Wednesday,Thursday,Friday,Saturday",06:00,False,Arabian Standard Time,MailOnFailure
0,d6acddc3-591c-4836-9fd9-0467d9381408,http://wabi-north-europe-l-primary-redirect.analysis.windows.net/v1.0/myorg/$metadata#Microsoft.PowerBI.ServiceContracts.Api.V1.RefreshSchedule,"Sunday,Monday,Tuesday,Wednesday,Thursday,Friday,Saturday",05:00,True,Arabian Standard Time,MailOnFailure
0,0e7cf426-6c58-4a68-9d5a-b05d059d5afa,http://wabi-north-europe-l-primary-redirect.analysis.windows.net/v1.0/myorg/$metadata#Microsoft.PowerBI.ServiceContracts.Api.V1.RefreshSchedule,"Sunday,Monday,Tuesday,Wednesday,Thursday,Friday,Saturday",07:00,False,Arabian Standard Time,MailOnFailure
0,e086dd69-66b7-4131-ad1d-284af06c26bf,http://wabi-north-europe-l-primary-redirect.analysis.windows.net/v1.0/myorg/$metadata#Microsoft.PowerBI.ServiceContracts.Api.V1.RefreshSchedule,"Sunday,Monday,Tuesday,Wednesday,Thursday,Friday,Saturday",07:00,True,Arabian Standard Time,MailOnFailure
0,d10d51fd-861d-4f79-903a-7815d1839161,http://wabi-north-europe-l-primary-redirect.analysis.windows.net/v1.0/myorg/$metadata#Microsoft.PowerBI.ServiceContracts.Api.V1.RefreshSchedule,"Sunday,Monday,Tuesday,Wednesday,Thursday,Friday,Saturday",07:00,True,Arabian Standard Time,MailOnFailure
0,e06efdfb-009d-4da0-91fe-081dbfa22c60,http://wabi-north-europe-l-primary-redirect.analysis.windows.net/v1.0/myorg/$metadata#Microsoft.PowerBI.ServiceContracts.Api.V1.RefreshSchedule,"Sunday,Monday,Tuesday,Wednesday,Thursday,Friday,Saturday",07:00,False,Arabian Standard Time,MailOnFailure
0,190d4ed5-a58b-498d-9f8c-8d39b71a13fb,http://wabi-north-europe-l-primary-redirect.analysis.windows.net/v1.0/myorg/$metadata#Microsoft.PowerBI.ServiceContracts.Api.V1.RefreshSchedule,"Sunday,Monday,Tuesday,Wednesday,Thursday,Friday,Saturday",05:00,True,Arabian Standard Time,MailOnFailure
0,e1e90855-bf29-4819-8711-d8097ca40ba9,http://wabi-north-europe-l-primary-redirect.analysis.windows.net/v1.0/myorg/$metadata#Microsoft.PowerBI.ServiceContracts.Api.V1.RefreshSchedule,"Sunday,Monday,Tuesday,Wednesday,Thursday,Friday,Saturday",06:00,True,Arabian Standard Time,MailOnFailure
0,c6b5c6b6-ef9b-45f5-95b1-bb3ff23db4cd,http://wabi-north-europe-l-primary-redirect.analysis.windows.net/v1.0/myorg/$metadata#Microsoft.PowerBI.ServiceContracts.Api.V1.RefreshSchedule,"Sunday,Wednesday",07:30,True,India Standard Time,MailOnFailure
0,d53b6f42-4dbc-49e7-a827-2a3ec333d746,http://wabi-north-europe-l-primary-redirect.analysis.windows.net/v1.0/myorg/$metadata#Microsoft.PowerBI.ServiceContracts.Api.V1.RefreshSchedule,"Sunday,Monday,Tuesday,Wednesday,Thursday,Friday,Saturday",,True,Arabian Standard Time,MailOnFailure
0,f6e76747-d7b0-4b6a-96d6-aaff451ea2bc,http://wabi-north-europe-l-primary-redirect.analysis.windows.net/v1.0/myorg/$metadata#Microsoft.PowerBI.ServiceContracts.Api.V1.RefreshSchedule,"Sunday,Monday,Tuesday,Wednesday,Thursday,Friday,Saturday",07:00,True,Arabian Standard Time,MailOnFailure
0,5a9e31a3-117b-4b22-b9a3-697aefd80ff5,http://wabi-north-europe-l-primary-redirect.analysis.windows.net/v1.0/myorg/$metadata#Microsoft.PowerBI.ServiceContracts.Api.V1.RefreshSchedule,"Sunday,Monday,Tuesday,Wednesday,Thursday,Friday,Saturday",10:00,True,Arabian Standard Time,MailOnFailure
0,9355198e-5dc8-4a90-9c12-2a77246c307f,http://wabi-north-europe-l-primary-redirect.analysis.windows.net/v1.0/myorg/$metadata#Microsoft.PowerBI.ServiceContracts.Api.V1.RefreshSchedule,"Sunday,Monday,Tuesday,Wednesday,Thursday,Friday,Saturday",07:00,True,Arabian Standard Time,MailOnFailure
0,4484265f-2264-4e92-8562-7ac0a80a9c1b,http://wabi-north-europe-l-primary-redirect.analysis.windows.net/v1.0/myorg/$metadata#Microsoft.PowerBI.ServiceContracts.Api.V1.RefreshSchedule,"Sunday,Monday,Tuesday,Wednesday,Thursday,Friday,Saturday",14:27,False,UTC,MailOnFailure
0,92e3f23d-18ba-4ab6-848d-da781d965e5c,http://wabi-north-europe-l-primary-redirect.analysis.windows.net/v1.0/myorg/$metadata#Microsoft.PowerBI.ServiceContracts.Api.V1.RefreshSchedule,"Sunday,Monday,Tuesday,Wednesday,Thursday,Friday,Saturday",13:10,False,UTC,MailOnFailure
0,03bbfc04-2338-49a2-a154-b5c2cc0ca4a8,http://wabi-north-europe-l-primary-redirect.analysis.windows.net/v1.0/myorg/$metadata#Microsoft.PowerBI.ServiceContracts.Api.V1.RefreshSchedule,"Sunday,Monday,Tuesday,Wednesday,Thursday,Friday,Saturday",14:00,False,UTC,MailOnFailure
0,22bfbb9f-63a3-4f54-8e17-d7b5071db10f,http://wabi-north-europe-l-primary-redirect.analysis.windows.net/v1.0/myorg/$metadata#Microsoft.PowerBI.ServiceContracts.Api.V1.RefreshSchedule,"Sunday,Monday,Tuesday,Wednesday,Thursday,Friday,Saturday",05:00,True,Arabian Standard Time,MailOnFailure
0,70a8f047-bbc9-4151-b2fd-d2a40f365915,http://wabi-north-europe-l-primary-redirect.analysis.windows.net/v1.0/myorg/$metadata#Microsoft.PowerBI.ServiceContracts.Api.V1.RefreshSchedule,"Sunday,Monday,Tuesday,Wednesday,Thursday,Friday,Saturday",03:30,True,Arabian Standard Time,MailOnFailure
0,30991a01-3bf8-4fd4-b4fe-0c26a0e65e38,http://wabi-north-europe-l-primary-redirect.analysis.windows.net/v1.0/myorg/$metadata#Microsoft.PowerBI.ServiceContracts.Api.V1.RefreshSchedule,"Sunday,Monday,Tuesday,Wednesday,Thursday,Friday,Saturday",04:30,False,Arabian Standard Time,MailOnFailure
0,8d28903c-288c-4397-8e6b-9071a28b1d44,http://wabi-north-europe-l-primary-redirect.analysis.windows.net/v1.0/myorg/$metadata#Microsoft.PowerBI.ServiceContracts.Api.V1.RefreshSchedule,"Sunday,Monday,Tuesday,Wednesday,Thursday,Friday,Saturday","01:30,16:00",True,Arabian Standard Time,MailOnFailure
0,6da7b065-622b-4ee5-9721-ffd6382c61d0,http://wabi-north-europe-l-primary-redirect.analysis.windows.net/v1.0/myorg/$metadata#Microsoft.PowerBI.ServiceContracts.Api.V1.RefreshSchedule,"Sunday,Monday,Tuesday,Wednesday,Thursday,Friday,Saturday","01:30,16:00",True,Arabian Standard Time,MailOnFailure
0,e59dcdc3-5eb8-4bdb-b514-8a6caba6593c,http://wabi-north-europe-l-primary-redirect.analysis.windows.net/v1.0/myorg/$metadata#Microsoft.PowerBI.ServiceContracts.Api.V1.RefreshSchedule,"Sunday,Monday,Tuesday,Wednesday,Thursday,Friday,Saturday","01:30,16:00",True,Arabian Standard Time,MailOnFailure
0,a00f7205-51cf-4398-a6b8-7372b788d767,http://wabi-north-europe-l-primary-redirect.analysis.windows.net/v1.0/myorg/$metadata#Microsoft.PowerBI.ServiceContracts.Api.V1.RefreshSchedule,"Sunday,Monday,Tuesday,Wednesday,Thursday,Friday,Saturday",07:00,True,Arabian Standard Time,MailOnFailure
0,0690956f-6079-499c-bd2e-2316b956c122,http://wabi-north-europe-l-primary-redirect.analysis.windows.net/v1.0/myorg/$metadata#Microsoft.PowerBI.ServiceContracts.Api.V1.RefreshSchedule,"Sunday,Monday,Tuesday,Wednesday,Thursday,Friday,Saturday",05:00,True,Arabian Standard Time,MailOnFailure
0,2613d79c-b553-4400-a48d-ce71a911a916,http://wabi-north-europe-l-primary-redirect.analysis.windows.net/v1.0/myorg/$metadata#Microsoft.PowerBI.ServiceContracts.Api.V1.RefreshSchedule,"Sunday,Monday,Tuesday,Wednesday,Thursday,Friday,Saturday",07:30,False,Arabian Standard Time,MailOnFailure
0,15502813-55ac-459b-8e34-623c56bbc53a,http://wabi-north-europe-l-primary-redirect.analysis.windows.net/v1.0/myorg/$metadata#Microsoft.PowerBI.ServiceContracts.Api.V1.RefreshSchedule,"Sunday,Monday,Tuesday,Wednesday,Thursday,Friday,Saturday",16:00,False,UTC,MailOnFailure
0,3c6d814f-c8a5-4af2-b6a0-1e57d1b75089,http://wabi-north-europe-l-primary-redirect.analysis.windows.net/v1.0/myorg/$metadata#Microsoft.PowerBI.ServiceContracts.Api.V1.RefreshSchedule,"Sunday,Monday,Tuesday,Wednesday,Thursday,Friday,Saturday",05:30,False,UTC,MailOnFailure
0,9fdb3dee-5024-4604-b2c1-513329276510,http://wabi-north-europe-l-primary-redirect.analysis.windows.net/v1.0/myorg/$metadata#Microsoft.PowerBI.ServiceContracts.Api.V1.RefreshSchedule,"Sunday,Monday,Tuesday,Wednesday,Thursday,Friday,Saturday",07:30,False,Arabian Standard Time,MailOnFailure
0,d9cdbc32-b298-4a80-b037-93d129fbe66b,http://wabi-north-europe-l-primary-redirect.analysis.windows.net/v1.0/myorg/$metadata#Microsoft.PowerBI.ServiceContracts.Api.V1.RefreshSchedule,"Sunday,Monday,Tuesday,Wednesday,Thursday,Friday,Saturday",19:49,False,UTC,MailOnFailure
0,af5d6ed0-6410-4e31-9abd-445ad89b0181,http://wabi-north-europe-l-primary-redirect.analysis.windows.net/v1.0/myorg/$metadata#Microsoft.PowerBI.ServiceContracts.Api.V1.RefreshSchedule,"Sunday,Monday,Tuesday,Wednesday,Thursday,Friday,Saturday",00:55,False,UTC,MailOnFailure
0,5a5d49a0-6489-4166-90ae-fec156547256,http://wabi-north-europe-l-primary-redirect.analysis.windows.net/v1.0/myorg/$metadata#Microsoft.PowerBI.ServiceContracts.Api.V1.RefreshSchedule,"Sunday,Monday,Tuesday,Wednesday,Thursday,Friday,Saturday",06:00,True,Arabian Standard Time,MailOnFailure
0,a9bca474-e48a-43fb-a67a-96c6afbfac8d,http://wabi-north-europe-l-primary-redirect.analysis.windows.net/v1.0/myorg/$metadata#Microsoft.PowerBI.ServiceContracts.Api.V1.RefreshSchedule,"Sunday,Monday,Tuesday,Wednesday,Thursday,Friday,Saturday",06:30,False,Arabian Standard Time,MailOnFailure
0,d0f6c04f-df38-4856-bc52-9ee688a40359,http://wabi-north-europe-l-primary-redirect.analysis.windows.net/v1.0/myorg/$metadata#Microsoft.PowerBI.ServiceContracts.Api.V1.RefreshSchedule,"Sunday,Monday,Tuesday,Wednesday,Thursday,Friday,Saturday",07:30,True,Arabian Standard Time,MailOnFailure
0,28aa2d7c-15a5-48ed-bc41-6f18cd34b1bb,http://wabi-north-europe-l-primary-redirect.analysis.windows.net/v1.0/myorg/$metadata#Microsoft.PowerBI.ServiceContracts.Api.V1.RefreshSchedule,"Sunday,Monday,Tuesday,Wednesday,Thursday,Friday,Saturday",05:00,True,Arabian Standard Time,MailOnFailure
0,ada6fcd6-9158-4f88-aaf6-ade6f5a289f2,http://wabi-north-europe-l-primary-redirect.analysis.windows.net/v1.0/myorg/$metadata#Microsoft.PowerBI.ServiceContracts.Api.V1.RefreshSchedule,"Sunday,Monday,Tuesday,Wednesday,Thursday,Friday,Saturday",07:30,True,Arabian Standard Time,MailOnFailure
0,78fe6b20-2bda-4a81-8953-c28eee6cd2be,http://wabi-north-europe-l-primary-redirect.analysis.windows.net/v1.0/myorg/$metadata#Microsoft.PowerBI.ServiceContracts.Api.V1.RefreshSchedule,"Sunday,Monday,Tuesday,Wednesday,Thursday,Friday,Saturday",01:00,False,UTC,MailOnFailure
0,f2bd5068-39ff-40bd-8bbc-3a9bdef764a2,http://wabi-north-europe-l-primary-redirect.analysis.windows.net/v1.0/myorg/$metadata#Microsoft.PowerBI.ServiceContracts.Api.V1.RefreshSchedule,"Sunday,Monday,Tuesday,Wednesday,Thursday,Friday,Saturday",08:00,False,Arabian Standard Time,MailOnFailure
0,22b1b6e9-3adf-4da9-8b92-148d9dc04071,http://wabi-north-europe-l-primary-redirect.analysis.windows.net/v1.0/myorg/$metadata#Microsoft.PowerBI.ServiceContracts.Api.V1.RefreshSchedule,"Sunday,Monday,Tuesday,Wednesday,Thursday,Friday,Saturday",08:00,True,Arabian Standard Time,MailOnFailure
0,364134ee-96cb-4a43-8ec2-c6edcd4a00fd,http://wabi-north-europe-l-primary-redirect.analysis.windows.net/v1.0/myorg/$metadata#Microsoft.PowerBI.ServiceContracts.Api.V1.RefreshSchedule,"Sunday,Monday,Tuesday,Wednesday,Thursday,Friday,Saturday",06:00,True,Arabian Standard Time,MailOnFailure
0,7821646d-b913-4cf9-97db-952b201737d6,http://wabi-north-europe-l-primary-redirect.analysis.windows.net/v1.0/myorg/$metadata#Microsoft.PowerBI.ServiceContracts.Api.V1.RefreshSchedule,"Sunday,Monday,Tuesday,Wednesday,Thursday,Friday,Saturday",05:00,True,Arabian Standard Time,MailOnFailure
0,ae946410-2a59-414c-8798-723a59d18ec2,http://wabi-north-europe-l-primary-redirect.analysis.windows.net/v1.0/myorg/$metadata#Microsoft.PowerBI.ServiceContracts.Api.V1.RefreshSchedule,"Sunday,Monday,Tuesday,Wednesday,Thursday,Friday,Saturday",06:00,True,Arabian Standard Time,MailOnFailure
0,ec1e4cf2-dde9-49c6-ba79-f2c0fd3a09bf,http://wabi-north-europe-l-primary-redirect.analysis.windows.net/v1.0/myorg/$metadata#Microsoft.PowerBI.ServiceContracts.Api.V1.RefreshSchedule,"Sunday,Monday,Tuesday,Wednesday,Thursday,Friday,Saturday",06:00,True,Arabian Standard Time,MailOnFailure
0,312d14a3-b783-4b32-8abe-def323f5d54f,http://wabi-north-europe-l-primary-redirect.analysis.windows.net/v1.0/myorg/$metadata#Microsoft.PowerBI.ServiceContracts.Api.V1.RefreshSchedule,"Sunday,Monday,Tuesday,Wednesday,Thursday,Friday,Saturday",06:00,True,Arabian Standard Time,MailOnFailure
0,e9bbb852-d115-4d65-a302-c43052989d59,http://wabi-north-europe-l-primary-redirect.analysis.windows.net/v1.0/myorg/$metadata#Microsoft.PowerBI.ServiceContracts.Api.V1.RefreshSchedule,"Sunday,Monday,Tuesday,Wednesday,Thursday,Friday,Saturday",06:00,True,Arabian Standard Time,MailOnFailure
0,45b1f28d-ebf5-4a74-8149-36fa4fcb65ed,http://wabi-north-europe-l-primary-redirect.analysis.windows.net/v1.0/myorg/$metadata#Microsoft.PowerBI.ServiceContracts.Api.V1.RefreshSchedule,"Sunday,Monday,Tuesday,Wednesday,Thursday,Friday,Saturday",06:00,True,Arabian Standard Time,MailOnFailure
0,14943067-9437-4df7-a6d2-51aceb80c56f,http://wabi-north-europe-l-primary-redirect.analysis.windows.net/v1.0/myorg/$metadata#Microsoft.PowerBI.ServiceContracts.Api.V1.RefreshSchedule,"Sunday,Monday,Tuesday,Wednesday,Thursday,Friday,Saturday",20:22,False,UTC,MailOnFailure
0,0e9acb28-b966-4ba5-8fa4-f17df8ab39da,http://wabi-north-europe-l-primary-redirect.analysis.windows.net/v1.0/myorg/$metadata#Microsoft.PowerBI.ServiceContracts.Api.V1.RefreshSchedule,"Sunday,Monday,Tuesday,Wednesday,Thursday,Friday,Saturday",12:58,False,UTC,MailOnFailure
0,f6c2545d-6d3d-42a3-a7c7-41f58093deb8,http://wabi-north-europe-l-primary-redirect.analysis.windows.net/v1.0/myorg/$metadata#Microsoft.PowerBI.ServiceContracts.Api.V1.RefreshSchedule,"Sunday,Monday,Tuesday,Wednesday,Thursday,Friday,Saturday",19:36,False,UTC,MailOnFailure
0,3ab02075-5f9e-4ff0-b292-d5530c2e7561,http://wabi-north-europe-l-primary-redirect.analysis.windows.net/v1.0/myorg/$metadata#Microsoft.PowerBI.ServiceContracts.Api.V1.RefreshSchedule,"Sunday,Monday,Tuesday,Wednesday,Thursday,Friday,Saturday",08:00,True,Arabian Standard Time,MailOnFailure
0,c7c7eb3a-77e0-4de0-9068-4dd8245ee63f,http://wabi-north-europe-l-primary-redirect.analysis.windows.net/v1.0/myorg/$metadata#Microsoft.PowerBI.ServiceContracts.Api.V1.RefreshSchedule,"Sunday,Monday,Tuesday,Wednesday,Thursday,Friday,Saturday",03:42,False,UTC,MailOnFailure
0,b0a13820-fbb8-4544-bedb-be3bdf9f7137,http://wabi-north-europe-l-primary-redirect.analysis.windows.net/v1.0/myorg/$metadata#Microsoft.PowerBI.ServiceContracts.Api.V1.RefreshSchedule,"Sunday,Monday,Tuesday,Wednesday,Thursday,Friday,Saturday",07:30,False,Arabian Standard Time,MailOnFailure
0,c3c5a438-1367-4f6b-b500-5d07f89f1707,http://wabi-north-europe-l-primary-redirect.analysis.windows.net/v1.0/myorg/$metadata#Microsoft.PowerBI.ServiceContracts.Api.V1.RefreshSchedule,"Sunday,Monday,Tuesday,Wednesday,Thursday,Friday,Saturday",07:30,True,Arabian Standard Time,MailOnFailure
0,2566d001-5f1c-43e4-880b-c178039acfbe,http://wabi-north-europe-l-primary-redirect.analysis.windows.net/v1.0/myorg/$metadata#Microsoft.PowerBI.ServiceContracts.Api.V1.RefreshSchedule,"Sunday,Monday,Tuesday,Wednesday,Thursday,Friday,Saturday",09:00,True,Arabian Standard Time,MailOnFailure
0,f44210a1-b44f-4a4b-a591-8a665f85b0fd,http://wabi-north-europe-l-primary-redirect.analysis.windows.net/v1.0/myorg/$metadata#Microsoft.PowerBI.ServiceContracts.Api.V1.RefreshSchedule,"Sunday,Monday,Tuesday,Wednesday,Thursday,Friday,Saturday",07:30,True,Arabian Standard Time,MailOnFailure
0,b931b7bb-de19-4576-aee4-7cc8c5ca962b,http://wabi-north-europe-l-primary-redirect.analysis.windows.net/v1.0/myorg/$metadata#Microsoft.PowerBI.ServiceContracts.Api.V1.RefreshSchedule,"Sunday,Monday,Tuesday,Wednesday,Thursday,Friday,Saturday",07:30,True,Arabian Standard Time,MailOnFailure
0,b4c02fe8-af68-4045-8266-e7477c7088ea,http://wabi-north-europe-l-primary-redirect.analysis.windows.net/v1.0/myorg/$metadata#Microsoft.PowerBI.ServiceContracts.Api.V1.RefreshSchedule,"Sunday,Monday,Tuesday,Wednesday,Thursday,Friday,Saturday","01:30,16:00",True,Arabian Standard Time,MailOnFailure
0,e1750c16-e9f6-4cb3-80b5-d688d2c1deea,http://wabi-north-europe-l-primary-redirect.analysis.windows.net/v1.0/myorg/$metadata#Microsoft.PowerBI.ServiceContracts.Api.V1.RefreshSchedule,"Sunday,Monday,Tuesday,Wednesday,Thursday,Friday,Saturday",09:00,False,Arabian Standard Time,MailOnFailure
0,4d0a10e7-e2ef-491b-bca4-05b550d14e2a,http://wabi-north-europe-l-primary-redirect.analysis.windows.net/v1.0/myorg/$metadata#Microsoft.PowerBI.ServiceContracts.Api.V1.RefreshSchedule,"Sunday,Monday,Tuesday,Wednesday,Thursday,Friday,Saturday",06:00,True,Arabian Standard Time,MailOnFailure
0,8770b7c4-9462-42ff-8f8f-1edd5a076ff1,http://wabi-north-europe-l-primary-redirect.analysis.windows.net/v1.0/myorg/$metadata#Microsoft.PowerBI.ServiceContracts.Api.V1.RefreshSchedule,"Sunday,Monday,Tuesday,Wednesday,Thursday,Friday,Saturday",06:00,True,Arabian Standard Time,MailOnFailure
0,50b463d2-57ee-4a65-97cf-40d86a548b5f,http://wabi-north-europe-l-primary-redirect.analysis.windows.net/v1.0/myorg/$metadata#Microsoft.PowerBI.ServiceContracts.Api.V1.RefreshSchedule,"Sunday,Monday,Tuesday,Wednesday,Thursday,Friday,Saturday",03:30,False,UTC,MailOnFailure
0,2953ed93-d9f4-4640-8d01-a97416640b27,http://wabi-north-europe-l-primary-redirect.analysis.windows.net/v1.0/myorg/$metadata#Microsoft.PowerBI.ServiceContracts.Api.V1.RefreshSchedule,"Sunday,Monday,Tuesday,Wednesday,Thursday,Friday,Saturday",00:52,True,UTC,MailOnFailure
0,64222831-7228-4535-8160-e0c29c5e85d0,http://wabi-north-europe-l-primary-redirect.analysis.windows.net/v1.0/myorg/$metadata#Microsoft.PowerBI.ServiceContracts.Api.V1.RefreshSchedule,"Sunday,Monday,Tuesday,Wednesday,Thursday,Friday,Saturday",07:02,True,UTC,MailOnFailure
0,aea40b2c-d1fe-4fa1-bbee-0cdaf0cb3fd1,http://wabi-north-europe-l-primary-redirect.analysis.windows.net/v1.0/myorg/$metadata#Microsoft.PowerBI.ServiceContracts.Api.V1.RefreshSchedule,"Sunday,Monday,Tuesday,Wednesday,Thursday,Friday,Saturday",08:00,False,Arabian Standard Time,MailOnFailure
0,6d3cdfa4-6edf-493d-9016-73aca9fff2b0,http://wabi-north-europe-l-primary-redirect.analysis.windows.net/v1.0/myorg/$metadata#Microsoft.PowerBI.ServiceContracts.Api.V1.RefreshSchedule,"Sunday,Monday,Tuesday,Wednesday,Thursday,Friday,Saturday",09:11,True,UTC,MailOnFailure
0,abf3814b-9ee5-4674-bd2f-d0ccc23eaac3,http://wabi-north-europe-l-primary-redirect.analysis.windows.net/v1.0/myorg/$metadata#Microsoft.PowerBI.ServiceContracts.Api.V1.RefreshSchedule,"Sunday,Monday,Tuesday,Wednesday,Thursday,Friday,Saturday",06:30,True,Arabian Standard Time,MailOnFailure
0,7f68f3a7-090f-4a33-8aaf-81e44fcfe34b,http://wabi-north-europe-l-primary-redirect.analysis.windows.net/v1.0/myorg/$metadata#Microsoft.PowerBI.ServiceContracts.Api.V1.RefreshSchedule,"Sunday,Monday,Tuesday,Wednesday,Thursday,Friday,Saturday","01:30,16:00",True,Arabian Standard Time,MailOnFailure
0,dd7ff740-db51-4142-b21b-fdc62fac14d1,http://wabi-north-europe-l-primary-redirect.analysis.windows.net/v1.0/myorg/$metadata#Microsoft.PowerBI.ServiceContracts.Api.V1.RefreshSchedule,"Sunday,Monday,Tuesday,Wednesday,Thursday,Friday,Saturday",07:00,True,Arabian Standard Time,MailOnFailure
0,0369a635-81ac-43bd-838a-03959a880646,http://wabi-north-europe-l-primary-redirect.analysis.windows.net/v1.0/myorg/$metadata#Microsoft.PowerBI.ServiceContracts.Api.V1.RefreshSchedule,"Sunday,Monday,Tuesday,Wednesday,Thursday,Friday,Saturday",00:33,True,UTC,MailOnFailure
0,0f09855c-8de6-4de0-a377-2eed92dcfaa4,http://wabi-north-europe-l-primary-redirect.analysis.windows.net/v1.0/myorg/$metadata#Microsoft.PowerBI.ServiceContracts.Api.V1.RefreshSchedule,"Sunday,Monday,Tuesday,Wednesday,Thursday,Friday,Saturday",11:16,True,UTC,MailOnFailure
0,97209e3d-56bc-44c2-8b44-34004f23172e,http://wabi-north-europe-l-primary-redirect.analysis.windows.net/v1.0/myorg/$metadata#Microsoft.PowerBI.ServiceContracts.Api.V1.RefreshSchedule,"Sunday,Monday,Tuesday,Wednesday,Thursday,Friday,Saturday",03:58,False,UTC,MailOnFailure
0,6e2c955f-33a9-4bbf-ae31-a56dcc141842,http://wabi-north-europe-l-primary-redirect.analysis.windows.net/v1.0/myorg/$metadata#Microsoft.PowerBI.ServiceContracts.Api.V1.RefreshSchedule,"Sunday,Monday,Tuesday,Wednesday,Thursday,Friday,Saturday",12:27,False,UTC,MailOnFailure
0,d7fad0c2-efe1-458f-aefc-4f56806c1546,http://wabi-north-europe-l-primary-redirect.analysis.windows.net/v1.0/myorg/$metadata#Microsoft.PowerBI.ServiceContracts.Api.V1.RefreshSchedule,"Sunday,Monday,Tuesday,Wednesday,Thursday,Friday,Saturday",05:10,False,UTC,MailOnFailure
0,cd7223f0-f60a-4b40-867b-94120653f85b,http://wabi-north-europe-l-primary-redirect.analysis.windows.net/v1.0/myorg/$metadata#Microsoft.PowerBI.ServiceContracts.Api.V1.RefreshSchedule,"Sunday,Monday,Tuesday,Wednesday,Thursday,Friday,Saturday",07:01,False,UTC,MailOnFailure
0,cb6eafb4-c7f8-41be-86ff-b514bc6a4b68,http://wabi-north-europe-l-primary-redirect.analysis.windows.net/v1.0/myorg/$metadata#Microsoft.PowerBI.ServiceContracts.Api.V1.RefreshSchedule,"Sunday,Monday,Tuesday,Wednesday,Thursday,Friday,Saturday",22:11,False,UTC,MailOnFailure
0,b1d0caa9-ff3f-4c19-959a-c986fd53bc15,http://wabi-north-europe-l-primary-redirect.analysis.windows.net/v1.0/myorg/$metadata#Microsoft.PowerBI.ServiceContracts.Api.V1.RefreshSchedule,"Sunday,Monday,Tuesday,Wednesday,Thursday,Friday,Saturday",04:24,False,UTC,MailOnFailure
0,37729e29-97e0-41cd-a37d-20b3a3bc1b23,http://wabi-north-europe-l-primary-redirect.analysis.windows.net/v1.0/myorg/$metadata#Microsoft.PowerBI.ServiceContracts.Api.V1.RefreshSchedule,"Sunday,Monday,Tuesday,Wednesday,Thursday,Friday,Saturday",06:00,True,Arabian Standard Time,MailOnFailure
0,b826825d-7643-49ba-8bd8-3f65c42616a5,http://wabi-north-europe-l-primary-redirect.analysis.windows.net/v1.0/myorg/$metadata#Microsoft.PowerBI.ServiceContracts.Api.V1.RefreshSchedule,"Sunday,Monday,Tuesday,Wednesday,Thursday,Friday,Saturday",07:00,True,Arabian Standard Time,MailOnFailure
0,882f1b02-d210-46f7-b2e2-d79b42083f7c,http://wabi-north-europe-l-primary-redirect.analysis.windows.net/v1.0/myorg/$metadata#Microsoft.PowerBI.ServiceContracts.Api.V1.RefreshSchedule,"Sunday,Monday,Tuesday,Wednesday,Thursday,Friday,Saturday",21:01,False,UTC,MailOnFailure
0,db0ffa20-f2c8-4836-ad09-1e9a4f3da24f,http://wabi-north-europe-l-primary-redirect.analysis.windows.net/v1.0/myorg/$metadata#Microsoft.PowerBI.ServiceContracts.Api.V1.RefreshSchedule,"Sunday,Monday,Tuesday,Wednesday,Thursday,Friday,Saturday",06:00,True,Arabian Standard Time,MailOnFailure
0,3940cdd5-4205-4cb1-ae8b-fd3dd0c0e2de,http://wabi-north-europe-l-primary-redirect.analysis.windows.net/v1.0/myorg/$metadata#Microsoft.PowerBI.ServiceContracts.Api.V1.RefreshSchedule,"Sunday,Monday,Tuesday,Wednesday,Thursday,Friday,Saturday",06:00,True,Arabian Standard Time,MailOnFailure
0,71cfa83c-cf47-4463-923b-4ee14f209a29,http://wabi-north-europe-l-primary-redirect.analysis.windows.net/v1.0/myorg/$metadata#Microsoft.PowerBI.ServiceContracts.Api.V1.RefreshSchedule,"Sunday,Monday,Tuesday,Wednesday,Thursday,Friday,Saturday",06:00,True,Arabian Standard Time,MailOnFailure
0,f7264c95-ab74-4a10-baee-5748b5d7777a,http://wabi-north-europe-l-primary-redirect.analysis.windows.net/v1.0/myorg/$metadata#Microsoft.PowerBI.ServiceContracts.Api.V1.RefreshSchedule,"Sunday,Monday,Tuesday,Wednesday,Thursday,Friday,Saturday",06:00,True,Arabian Standard Time,MailOnFailure
0,4d875ae3-1a55-4ae2-b52f-45d75af6d3dd,http://wabi-north-europe-l-primary-redirect.analysis.windows.net/v1.0/myorg/$metadata#Microsoft.PowerBI.ServiceContracts.Api.V1.RefreshSchedule,"Sunday,Monday,Tuesday,Wednesday,Thursday,Friday,Saturday",06:00,True,Arabian Standard Time,MailOnFailure
0,808de5bb-4ccf-4754-a386-919eb4c73496,http://wabi-north-europe-l-primary-redirect.analysis.windows.net/v1.0/myorg/$metadata#Microsoft.PowerBI.ServiceContracts.Api.V1.RefreshSchedule,"Sunday,Monday,Tuesday,Wednesday,Thursday,Friday,Saturday",06:00,True,Arabian Standard Time,MailOnFailure
0,3c8691ff-3943-4345-82fe-712fe77820f3,http://wabi-north-europe-l-primary-redirect.analysis.windows.net/v1.0/myorg/$metadata#Microsoft.PowerBI.ServiceContracts.Api.V1.RefreshSchedule,"Sunday,Monday,Tuesday,Wednesday,Thursday,Friday,Saturday",06:00,True,Arabian Standard Time,MailOnFailure
0,7c274fa7-4fe8-47a8-8402-ebd919f533f3,http://wabi-north-europe-l-primary-redirect.analysis.windows.net/v1.0/myorg/$metadata#Microsoft.PowerBI.ServiceContracts.Api.V1.RefreshSchedule,"Sunday,Monday,Tuesday,Wednesday,Thursday,Friday,Saturday",06:00,False,Arabian Standard Time,MailOnFailure
0,ad32b2fd-5a45-4283-9a54-a72546b362eb,http://wabi-north-europe-l-primary-redirect.analysis.windows.net/v1.0/myorg/$metadata#Microsoft.PowerBI.ServiceContracts.Api.V1.RefreshSchedule,"Sunday,Monday,Tuesday,Wednesday,Thursday,Friday,Saturday",06:00,True,Arabian Standard Time,MailOnFailure
0,a48509c0-68c3-4597-a9b2-a5eb58eaf9fd,http://wabi-north-europe-l-primary-redirect.analysis.windows.net/v1.0/myorg/$metadata#Microsoft.PowerBI.ServiceContracts.Api.V1.RefreshSchedule,"Sunday,Monday,Tuesday,Wednesday,Thursday,Friday,Saturday",06:00,True,Arabian Standard Time,MailOnFailure
0,e3f4d599-0c66-427f-b1e1-2abcf775391c,http://wabi-north-europe-l-primary-redirect.analysis.windows.net/v1.0/myorg/$metadata#Microsoft.PowerBI.ServiceContracts.Api.V1.RefreshSchedule,"Sunday,Monday,Tuesday,Wednesday,Thursday,Friday,Saturday",06:00,True,Arabian Standard Time,MailOnFailure
0,a14beb0d-6fca-412b-9b95-cf6b814cf77f,http://wabi-north-europe-l-primary-redirect.analysis.windows.net/v1.0/myorg/$metadata#Microsoft.PowerBI.ServiceContracts.Api.V1.RefreshSchedule,"Sunday,Monday,Tuesday,Wednesday,Thursday,Friday,Saturday",06:00,False,Arabian Standard Time,MailOnFailure
0,2d6eb02d-b6a3-405b-b5eb-4021e729c2e1,http://wabi-north-europe-l-primary-redirect.analysis.windows.net/v1.0/myorg/$metadata#Microsoft.PowerBI.ServiceContracts.Api.V1.RefreshSchedule,"Sunday,Monday,Tuesday,Wednesday,Thursday,Friday,Saturday",07:15,True,UTC,MailOnFailure
0,80880355-ab12-4c7c-a8a9-a1a89a90038b,http://wabi-north-europe-l-primary-redirect.analysis.windows.net/v1.0/myorg/$metadata#Microsoft.PowerBI.ServiceContracts.Api.V1.RefreshSchedule,"Sunday,Monday,Tuesday,Wednesday,Thursday,Friday,Saturday",06:00,True,Arabian Standard Time,MailOnFailure
0,c1fc5071-09ba-44a1-9e0a-129ecaaba8af,http://wabi-north-europe-l-primary-redirect.analysis.windows.net/v1.0/myorg/$metadata#Microsoft.PowerBI.ServiceContracts.Api.V1.RefreshSchedule,"Sunday,Monday,Tuesday,Wednesday,Thursday,Friday,Saturday",22:36,True,UTC,MailOnFailure
0,8d15a20c-09fd-47c3-aa1a-df754c32a949,http://wabi-north-europe-l-primary-redirect.analysis.windows.net/v1.0/myorg/$metadata#Microsoft.PowerBI.ServiceContracts.Api.V1.RefreshSchedule,"Sunday,Monday,Tuesday,Wednesday,Thursday,Friday,Saturday",06:00,True,Arabian Standard Time,MailOnFailure
0,e8c88575-12fd-4787-97f2-c48bf63ae563,http://wabi-north-europe-l-primary-redirect.analysis.windows.net/v1.0/myorg/$metadata#Microsoft.PowerBI.ServiceContracts.Api.V1.RefreshSchedule,"Sunday,Monday,Tuesday,Wednesday,Thursday,Friday,Saturday",06:30,True,Arabian Standard Time,MailOnFailure
0,1c43da3a-4359-489b-82b8-d98da081ac15,http://wabi-north-europe-l-primary-redirect.analysis.windows.net/v1.0/myorg/$metadata#Microsoft.PowerBI.ServiceContracts.Api.V1.RefreshSchedule,"Sunday,Monday,Tuesday,Wednesday,Thursday,Friday,Saturday",08:30,False,Arabian Standard Time,MailOnFailure
0,1f0471d5-b71d-4d6d-bb8c-a78ce3d91c29,http://wabi-north-europe-l-primary-redirect.analysis.windows.net/v1.0/myorg/$metadata#Microsoft.PowerBI.ServiceContracts.Api.V1.RefreshSchedule,"Sunday,Monday,Tuesday,Wednesday,Thursday,Friday,Saturday",00:00,False,UTC,MailOnFailure
0,e484e973-129a-430a-9796-aea959bcaab0,http://wabi-north-europe-l-primary-redirect.analysis.windows.net/v1.0/myorg/$metadata#Microsoft.PowerBI.ServiceContracts.Api.V1.RefreshSchedule,"Sunday,Monday,Tuesday,Wednesday,Thursday,Friday,Saturday",05:00,True,Arabian Standard Time,MailOnFailure
0,b21ecc02-ed6c-4d14-9aae-0064fd24af67,http://wabi-north-europe-l-primary-redirect.analysis.windows.net/v1.0/myorg/$metadata#Microsoft.PowerBI.ServiceContracts.Api.V1.RefreshSchedule,"Sunday,Monday,Tuesday,Wednesday,Thursday,Friday,Saturday",08:00,True,Arabian Standard Time,MailOnFailure
0,e9079ad6-10a1-4376-836c-d02125964667,http://wabi-north-europe-l-primary-redirect.analysis.windows.net/v1.0/myorg/$metadata#Microsoft.PowerBI.ServiceContracts.Api.V1.RefreshSchedule,"Sunday,Monday,Tuesday,Wednesday,Thursday,Friday,Saturday",05:00,True,Arabian Standard Time,MailOnFailure
0,3cd3f85e-2d33-45a9-9c68-0883e8b4a74c,http://wabi-north-europe-l-primary-redirect.analysis.windows.net/v1.0/myorg/$metadata#Microsoft.PowerBI.ServiceContracts.Api.V1.RefreshSchedule,"Sunday,Monday,Tuesday,Wednesday,Thursday,Friday,Saturday",,False,India Standard Time,MailOnFailure
0,32b8bf4b-e3af-423c-b8cd-ab677a34aa34,http://wabi-north-europe-l-primary-redirect.analysis.windows.net/v1.0/myorg/$metadata#Microsoft.PowerBI.ServiceContracts.Api.V1.RefreshSchedule,"Sunday,Monday,Tuesday,Wednesday,Thursday,Friday,Saturday",06:00,True,Arabian Standard Time,MailOnFailure
0,d250a565-4638-4974-b356-1f5424728a7d,http://wabi-north-europe-l-primary-redirect.analysis.windows.net/v1.0/myorg/$metadata#Microsoft.PowerBI.ServiceContracts.Api.V1.RefreshSchedule,"Sunday,Monday,Tuesday,Wednesday,Thursday,Friday,Saturday",08:00,False,UTC,MailOnFailure
0,da4e4572-48f2-4847-a9fb-eb250b73d918,http://wabi-north-europe-l-primary-redirect.analysis.windows.net/v1.0/myorg/$metadata#Microsoft.PowerBI.ServiceContracts.Api.V1.RefreshSchedule,"Sunday,Monday,Tuesday,Wednesday,Thursday,Friday,Saturday",06:30,True,Arabian Standard Time,MailOnFailure
0,802bcd02-872f-40b2-990a-cb92a8d62527,http://wabi-north-europe-l-primary-redirect.analysis.windows.net/v1.0/myorg/$metadata#Microsoft.PowerBI.ServiceContracts.Api.V1.RefreshSchedule,"Sunday,Monday,Tuesday,Wednesday,Thursday,Friday,Saturday",06:30,True,Arabian Standard Time,MailOnFailure
0,d7c1c1c3-7bda-4441-8b6a-c826b7cf67d0,http://wabi-north-europe-l-primary-redirect.analysis.windows.net/v1.0/myorg/$metadata#Microsoft.PowerBI.ServiceContracts.Api.V1.RefreshSchedule,"Sunday,Monday,Tuesday,Wednesday,Thursday,Friday,Saturday",06:30,True,Arabian Standard Time,MailOnFailure
0,ff2eb6ac-a8a0-40fd-b07b-f274f51956a7,http://wabi-north-europe-l-primary-redirect.analysis.windows.net/v1.0/myorg/$metadata#Microsoft.PowerBI.ServiceContracts.Api.V1.RefreshSchedule,"Sunday,Monday,Tuesday,Wednesday,Thursday,Friday,Saturday",07:30,True,Arabian Standard Time,MailOnFailure
0,494d4ad3-92d1-4fc3-a54e-25c837bf4f98,http://wabi-north-europe-l-primary-redirect.analysis.windows.net/v1.0/myorg/$metadata#Microsoft.PowerBI.ServiceContracts.Api.V1.RefreshSchedule,"Sunday,Monday,Tuesday,Wednesday,Thursday,Friday,Saturday",05:00,True,Arabian Standard Time,MailOnFailure
0,10c179a8-0a0b-4f89-aecc-2eab289d38c1,http://wabi-north-europe-l-primary-redirect.analysis.windows.net/v1.0/myorg/$metadata#Microsoft.PowerBI.ServiceContracts.Api.V1.RefreshSchedule,"Sunday,Monday,Tuesday,Wednesday,Thursday,Friday,Saturday",16:04,True,UTC,MailOnFailure
0,b343201a-76dc-43b9-aab6-ea87b9a3cda3,http://wabi-north-europe-l-primary-redirect.analysis.windows.net/v1.0/myorg/$metadata#Microsoft.PowerBI.ServiceContracts.Api.V1.RefreshSchedule,"Sunday,Monday,Tuesday,Wednesday,Thursday,Friday,Saturday",00:55,True,UTC,MailOnFailure
0,ef984d61-1509-4fc9-a5f8-dad427337fd3,http://wabi-north-europe-l-primary-redirect.analysis.windows.net/v1.0/myorg/$metadata#Microsoft.PowerBI.ServiceContracts.Api.V1.RefreshSchedule,"Sunday,Monday,Tuesday,Wednesday,Thursday,Friday,Saturday",08:30,True,Arabian Standard Time,MailOnFailure
0,a08579a5-e917-41ea-87e5-46d5d714436a,http://wabi-north-europe-l-primary-redirect.analysis.windows.net/v1.0/myorg/$metadata#Microsoft.PowerBI.ServiceContracts.Api.V1.RefreshSchedule,"Sunday,Monday,Tuesday,Wednesday,Thursday,Friday,Saturday",08:30,True,Arabian Standard Time,MailOnFailure
0,76523be6-855e-44a6-845e-e3da65a69c34,http://wabi-north-europe-l-primary-redirect.analysis.windows.net/v1.0/myorg/$metadata#Microsoft.PowerBI.ServiceContracts.Api.V1.RefreshSchedule,"Sunday,Monday,Tuesday,Wednesday,Thursday,Friday,Saturday",05:00,True,Arabian Standard Time,MailOnFailure
0,b92f03a4-f87b-423e-b79b-3f69e1646c7e,http://wabi-north-europe-l-primary-redirect.analysis.windows.net/v1.0/myorg/$metadata#Microsoft.PowerBI.ServiceContracts.Api.V1.RefreshSchedule,"Sunday,Monday,Tuesday,Wednesday,Thursday,Friday,Saturday",05:00,True,Arabian Standard Time,MailOnFailure
0,4a60fdb6-5a8f-4f0c-b331-b000d002415b,http://wabi-north-europe-l-primary-redirect.analysis.windows.net/v1.0/myorg/$metadata#Microsoft.PowerBI.ServiceContracts.Api.V1.RefreshSchedule,"Sunday,Monday,Tuesday,Wednesday,Thursday,Friday,Saturday",08:30,False,Arabian Standard Time,MailOnFailure
0,38a6c8f0-6f4c-4510-a063-f7a860304f6e,http://wabi-north-europe-l-primary-redirect.analysis.windows.net/v1.0/myorg/$metadata#Microsoft.PowerBI.ServiceContracts.Api.V1.RefreshSchedule,"Sunday,Monday,Tuesday,Wednesday,Thursday,Friday,Saturday",10:00,False,India Standard Time,MailOnFailure
0,390c650c-e10b-4cd9-800a-be928395bd81,http://wabi-north-europe-l-primary-redirect.analysis.windows.net/v1.0/myorg/$metadata#Microsoft.PowerBI.ServiceContracts.Api.V1.RefreshSchedule,"Sunday,Monday,Tuesday,Wednesday,Thursday,Friday,Saturday",10:00,False,India Standard Time,MailOnFailure
0,8893e57f-8648-4294-a494-62adda41c4e9,http://wabi-north-europe-l-primary-redirect.analysis.windows.net/v1.0/myorg/$metadata#Microsoft.PowerBI.ServiceContracts.Api.V1.RefreshSchedule,"Sunday,Monday,Tuesday,Wednesday,Thursday,Friday,Saturday",06:00,True,Arabian Standard Time,MailOnFailure
0,7df0339d-137d-4fe3-84a2-c3e3114d5a5d,http://wabi-north-europe-l-primary-redirect.analysis.windows.net/v1.0/myorg/$metadata#Microsoft.PowerBI.ServiceContracts.Api.V1.RefreshSchedule,"Sunday,Monday,Tuesday,Wednesday,Thursday,Friday,Saturday",06:00,True,Arabian Standard Time,MailOnFailure
0,5f385c64-4aa0-469c-a7e8-12009d135f33,http://wabi-north-europe-l-primary-redirect.analysis.windows.net/v1.0/myorg/$metadata#Microsoft.PowerBI.ServiceContracts.Api.V1.RefreshSchedule,"Sunday,Monday,Tuesday,Wednesday,Thursday,Friday,Saturday",06:30,False,Arabian Standard Time,MailOnFailure
0,05c2c66a-7e93-4b50-b86f-37a83def7a8a,http://wabi-north-europe-l-primary-redirect.analysis.windows.net/v1.0/myorg/$metadata#Microsoft.PowerBI.ServiceContracts.Api.V1.RefreshSchedule,"Sunday,Monday,Tuesday,Wednesday,Thursday,Friday,Saturday","08:30,16:30",True,Arabian Standard Time,MailOnFailure
0,1d0971a4-54be-4f20-8d6b-b293dbe443f6,http://wabi-north-europe-l-primary-redirect.analysis.windows.net/v1.0/myorg/$metadata#Microsoft.PowerBI.ServiceContracts.Api.V1.RefreshSchedule,"Sunday,Monday,Tuesday,Wednesday,Thursday,Friday,Saturday","08:30,16:30",True,Arabian Standard Time,MailOnFailure
0,d816efdf-9797-49ae-903d-3bb07f1a231d,http://wabi-north-europe-l-primary-redirect.analysis.windows.net/v1.0/myorg/$metadata#Microsoft.PowerBI.ServiceContracts.Api.V1.RefreshSchedule,"Sunday,Monday,Tuesday,Wednesday,Thursday,Friday,Saturday","08:30,16:30",True,Arabian Standard Time,MailOnFailure
0,845b68a4-65fa-447e-8fe7-abb3a820d04d,http://wabi-north-europe-l-primary-redirect.analysis.windows.net/v1.0/myorg/$metadata#Microsoft.PowerBI.ServiceContracts.Api.V1.RefreshSchedule,"Sunday,Monday,Tuesday,Wednesday,Thursday,Friday,Saturday",06:30,False,Arabian Standard Time,MailOnFailure
0,9e8f1072-463d-4583-a347-92231aea13d0,http://wabi-north-europe-l-primary-redirect.analysis.windows.net/v1.0/myorg/$metadata#Microsoft.PowerBI.ServiceContracts.Api.V1.RefreshSchedule,"Sunday,Monday,Tuesday,Wednesday,Thursday,Friday,Saturday",06:30,True,Arabian Standard Time,MailOnFailure
0,30f8c558-dbbb-4f00-92ae-12887f9d39d3,http://wabi-north-europe-l-primary-redirect.analysis.windows.net/v1.0/myorg/$metadata#Microsoft.PowerBI.ServiceContracts.Api.V1.RefreshSchedule,"Sunday,Monday,Tuesday,Wednesday,Thursday,Friday,Saturday",06:30,True,Arabian Standard Time,MailOnFailure
0,4ad401ba-8ae4-4632-a0a2-0d6d1074f779,http://wabi-north-europe-l-primary-redirect.analysis.windows.net/v1.0/myorg/$metadata#Microsoft.PowerBI.ServiceContracts.Api.V1.RefreshSchedule,"Sunday,Monday,Tuesday,Wednesday,Thursday,Friday,Saturday",05:00,True,Arabian Standard Time,MailOnFailure
0,e593b107-e038-490a-917b-c4105cac2168,http://wabi-north-europe-l-primary-redirect.analysis.windows.net/v1.0/myorg/$metadata#Microsoft.PowerBI.ServiceContracts.Api.V1.RefreshSchedule,"Sunday,Monday,Tuesday,Wednesday,Thursday,Friday,Saturday",06:30,True,Arabian Standard Time,MailOnFailure
0,ac44886d-74e0-4ccb-a26a-65d2ecbfb0ea,http://wabi-north-europe-l-primary-redirect.analysis.windows.net/v1.0/myorg/$metadata#Microsoft.PowerBI.ServiceContracts.Api.V1.RefreshSchedule,"Sunday,Monday,Tuesday,Wednesday,Thursday,Friday,Saturday",06:30,True,Arabian Standard Time,MailOnFailure
0,6594dae6-471a-449c-a4ee-d6ef449a8448,http://wabi-north-europe-l-primary-redirect.analysis.windows.net/v1.0/myorg/$metadata#Microsoft.PowerBI.ServiceContracts.Api.V1.RefreshSchedule,"Sunday,Monday,Tuesday,Wednesday,Thursday,Friday,Saturday",06:30,True,Arabian Standard Time,MailOnFailure
0,6acac99b-ba2d-43db-8a86-e1707d192b0b,http://wabi-north-europe-l-primary-redirect.analysis.windows.net/v1.0/myorg/$metadata#Microsoft.PowerBI.ServiceContracts.Api.V1.RefreshSchedule,"Sunday,Monday,Tuesday,Wednesday,Thursday,Friday,Saturday",06:30,True,Arabian Standard Time,MailOnFailure
0,4deac1e2-399a-42e9-8289-f1fe5af4a71b,http://wabi-north-europe-l-primary-redirect.analysis.windows.net/v1.0/myorg/$metadata#Microsoft.PowerBI.ServiceContracts.Api.V1.RefreshSchedule,"Sunday,Monday,Tuesday,Wednesday,Thursday,Friday,Saturday",06:30,True,Arabian Standard Time,MailOnFailure
0,554b44e0-b676-401e-af92-3ae8048b1642,http://wabi-north-europe-l-primary-redirect.analysis.windows.net/v1.0/myorg/$metadata#Microsoft.PowerBI.ServiceContracts.Api.V1.RefreshSchedule,"Sunday,Monday,Tuesday,Wednesday,Thursday,Friday,Saturday",06:30,True,Arabian Standard Time,MailOnFailure
0,22d6f95a-3fbe-441a-a7b4-85d522e3618b,http://wabi-north-europe-l-primary-redirect.analysis.windows.net/v1.0/myorg/$metadata#Microsoft.PowerBI.ServiceContracts.Api.V1.RefreshSchedule,"Sunday,Monday,Tuesday,Wednesday,Thursday,Friday,Saturday",06:30,True,Arabian Standard Time,MailOnFailure
0,e5152605-e458-49d9-bb6c-ceb4c245c09f,http://wabi-north-europe-l-primary-redirect.analysis.windows.net/v1.0/myorg/$metadata#Microsoft.PowerBI.ServiceContracts.Api.V1.RefreshSchedule,"Sunday,Monday,Tuesday,Wednesday,Thursday,Friday,Saturday",06:30,True,Arabian Standard Time,MailOnFailure
0,387ab94c-7a10-423a-aa0a-8f55763b30d3,http://wabi-north-europe-l-primary-redirect.analysis.windows.net/v1.0/myorg/$metadata#Microsoft.PowerBI.ServiceContracts.Api.V1.RefreshSchedule,"Sunday,Monday,Tuesday,Wednesday,Thursday,Friday,Saturday",06:30,True,Arabian Standard Time,MailOnFailure
0,b5687be7-39bf-4807-b869-9d245a8d6bc6,http://wabi-north-europe-l-primary-redirect.analysis.windows.net/v1.0/myorg/$metadata#Microsoft.PowerBI.ServiceContracts.Api.V1.RefreshSchedule,"Sunday,Monday,Tuesday,Wednesday,Thursday,Friday,Saturday",06:30,True,Arabian Standard Time,MailOnFailure
0,e04a7ac9-e457-4725-9400-228fb5636d74,http://wabi-north-europe-l-primary-redirect.analysis.windows.net/v1.0/myorg/$metadata#Microsoft.PowerBI.ServiceContracts.Api.V1.RefreshSchedule,"Sunday,Monday,Tuesday,Wednesday,Thursday,Friday,Saturday",06:30,True,Arabian Standard Time,MailOnFailure
0,c523d36d-08ea-4d0f-b954-9c5257a9108b,http://wabi-north-europe-l-primary-redirect.analysis.windows.net/v1.0/myorg/$metadata#Microsoft.PowerBI.ServiceContracts.Api.V1.RefreshSchedule,"Sunday,Monday,Tuesday,Wednesday,Thursday,Friday,Saturday",06:30,True,Arabian Standard Time,MailOnFailure
0,ee9bad50-52f2-463a-9261-ff562bf21cd9,http://wabi-north-europe-l-primary-redirect.analysis.windows.net/v1.0/myorg/$metadata#Microsoft.PowerBI.ServiceContracts.Api.V1.RefreshSchedule,"Sunday,Monday,Tuesday,Wednesday,Thursday,Friday,Saturday",06:30,True,Arabian Standard Time,MailOnFailure
0,a6df23c8-919a-4225-a705-448ddf186ef8,http://wabi-north-europe-l-primary-redirect.analysis.windows.net/v1.0/myorg/$metadata#Microsoft.PowerBI.ServiceContracts.Api.V1.RefreshSchedule,"Sunday,Monday,Tuesday,Wednesday,Thursday,Friday,Saturday",06:30,True,Arabian Standard Time,MailOnFailure
0,2a3a3448-1906-420a-9c33-d7aa1ef547d6,http://wabi-north-europe-l-primary-redirect.analysis.windows.net/v1.0/myorg/$metadata#Microsoft.PowerBI.ServiceContracts.Api.V1.RefreshSchedule,"Sunday,Monday,Tuesday,Wednesday,Thursday,Friday,Saturday",06:30,True,Arabian Standard Time,MailOnFailure
0,ef8d742b-0024-4ac8-b094-dbc0c06f8e4a,http://wabi-north-europe-l-primary-redirect.analysis.windows.net/v1.0/myorg/$metadata#Microsoft.PowerBI.ServiceContracts.Api.V1.RefreshSchedule,"Sunday,Monday,Tuesday,Wednesday,Thursday,Friday,Saturday",06:30,True,Arabian Standard Time,MailOnFailure
0,11b3e836-c332-45a1-8bd5-f98d58be4800,http://wabi-north-europe-l-primary-redirect.analysis.windows.net/v1.0/myorg/$metadata#Microsoft.PowerBI.ServiceContracts.Api.V1.RefreshSchedule,"Sunday,Monday,Tuesday,Wednesday,Thursday,Friday,Saturday",06:30,True,Arabian Standard Time,MailOnFailure
0,592679d8-499d-40b1-b9c3-8895ca12a864,http://wabi-north-europe-l-primary-redirect.analysis.windows.net/v1.0/myorg/$metadata#Microsoft.PowerBI.ServiceContracts.Api.V1.RefreshSchedule,"Sunday,Monday,Tuesday,Wednesday,Thursday,Friday,Saturday",06:30,True,Arabian Standard Time,MailOnFailure
0,eb6e1fa2-1fc7-4146-a0c5-a7caadb88491,http://wabi-north-europe-l-primary-redirect.analysis.windows.net/v1.0/myorg/$metadata#Microsoft.PowerBI.ServiceContracts.Api.V1.RefreshSchedule,"Sunday,Monday,Tuesday,Wednesday,Thursday,Friday,Saturday",06:30,True,Arabian Standard Time,MailOnFailure
0,cb07f336-8e4b-44ae-8abc-52ce53bbbae2,http://wabi-north-europe-l-primary-redirect.analysis.windows.net/v1.0/myorg/$metadata#Microsoft.PowerBI.ServiceContracts.Api.V1.RefreshSchedule,"Sunday,Monday,Tuesday,Wednesday,Thursday,Friday,Saturday",06:30,True,Arabian Standard Time,MailOnFailure
0,cba2831b-fbf7-4ea1-8b6b-4d41dff9e9d2,http://wabi-north-europe-l-primary-redirect.analysis.windows.net/v1.0/myorg/$metadata#Microsoft.PowerBI.ServiceContracts.Api.V1.RefreshSchedule,"Sunday,Monday,Tuesday,Wednesday,Thursday,Friday,Saturday",06:30,True,Arabian Standard Time,MailOnFailure
0,da0f57fc-7a9b-493e-8b86-eea097e41dfa,http://wabi-north-europe-l-primary-redirect.analysis.windows.net/v1.0/myorg/$metadata#Microsoft.PowerBI.ServiceContracts.Api.V1.RefreshSchedule,"Sunday,Monday,Tuesday,Wednesday,Thursday,Friday,Saturday",06:30,True,Arabian Standard Time,MailOnFailure
0,14b10d38-1313-49b4-b7da-a3944eaa9bac,http://wabi-north-europe-l-primary-redirect.analysis.windows.net/v1.0/myorg/$metadata#Microsoft.PowerBI.ServiceContracts.Api.V1.RefreshSchedule,"Sunday,Monday,Tuesday,Wednesday,Thursday,Friday,Saturday",06:30,True,Arabian Standard Time,MailOnFailure
0,a8b1673f-0b10-40e1-8191-0aca0e27eae3,http://wabi-north-europe-l-primary-redirect.analysis.windows.net/v1.0/myorg/$metadata#Microsoft.PowerBI.ServiceContracts.Api.V1.RefreshSchedule,"Sunday,Monday,Tuesday,Wednesday,Thursday,Friday,Saturday",06:30,True,Arabian Standard Time,MailOnFailure
0,9786394a-9932-4863-b6e6-72b98333ff2f,http://wabi-north-europe-l-primary-redirect.analysis.windows.net/v1.0/myorg/$metadata#Microsoft.PowerBI.ServiceContracts.Api.V1.RefreshSchedule,"Sunday,Monday,Tuesday,Wednesday,Thursday,Friday,Saturday",06:30,True,Arabian Standard Time,MailOnFailure
0,48acfb33-4261-4b4b-93ca-a263ff043183,http://wabi-north-europe-l-primary-redirect.analysis.windows.net/v1.0/myorg/$metadata#Microsoft.PowerBI.ServiceContracts.Api.V1.RefreshSchedule,"Sunday,Monday,Tuesday,Wednesday,Thursday,Friday,Saturday",06:30,True,Arabian Standard Time,MailOnFailure
0,b3e9e99a-9b31-46e2-8097-cd4162a67c3b,http://wabi-north-europe-l-primary-redirect.analysis.windows.net/v1.0/myorg/$metadata#Microsoft.PowerBI.ServiceContracts.Api.V1.RefreshSchedule,"Sunday,Monday,Tuesday,Wednesday,Thursday,Friday,Saturday",05:00,True,Arabian Standard Time,MailOnFailure
0,9f3fc9fc-a9db-495b-8ec0-e4783b08dd22,http://wabi-north-europe-l-primary-redirect.analysis.windows.net/v1.0/myorg/$metadata#Microsoft.PowerBI.ServiceContracts.Api.V1.RefreshSchedule,"Sunday,Monday,Tuesday,Wednesday,Thursday,Friday,Saturday",08:00,True,Arabian Standard Time,MailOnFailure
0,1cececbc-5151-47a0-b65c-5bdda6d593bf,http://wabi-north-europe-l-primary-redirect.analysis.windows.net/v1.0/myorg/$metadata#Microsoft.PowerBI.ServiceContracts.Api.V1.RefreshSchedule,"Sunday,Monday,Tuesday,Wednesday,Thursday,Friday,Saturday","04:30,08:30",True,Arabian Standard Time,MailOnFailure
0,83d033f7-86c8-4de8-86ae-f5a8b7c38d07,http://wabi-north-europe-l-primary-redirect.analysis.windows.net/v1.0/myorg/$metadata#Microsoft.PowerBI.ServiceContracts.Api.V1.RefreshSchedule,"Sunday,Monday,Tuesday,Wednesday,Thursday,Friday,Saturday","08:30,16:30",True,Arabian Standard Time,MailOnFailure
0,27257dbe-26f0-420a-ad7b-39f796525c2f,http://wabi-north-europe-l-primary-redirect.analysis.windows.net/v1.0/myorg/$metadata#Microsoft.PowerBI.ServiceContracts.Api.V1.RefreshSchedule,"Sunday,Monday,Tuesday,Wednesday,Thursday,Friday,Saturday",08:00,True,Arabian Standard Time,MailOnFailure
0,73c2a573-8c47-4cf3-97c5-51fcc48c0112,http://wabi-north-europe-l-primary-redirect.analysis.windows.net/v1.0/myorg/$metadata#Microsoft.PowerBI.ServiceContracts.Api.V1.RefreshSchedule,"Sunday,Monday,Tuesday,Wednesday,Thursday,Friday,Saturday",08:00,True,Arabian Standard Time,MailOnFailure
0,8ac4dd14-c9fd-4d75-9c78-1ec11ad7fb3f,http://wabi-north-europe-l-primary-redirect.analysis.windows.net/v1.0/myorg/$metadata#Microsoft.PowerBI.ServiceContracts.Api.V1.RefreshSchedule,"Sunday,Monday,Tuesday,Wednesday,Thursday,Friday,Saturday",06:30,False,Arabian Standard Time,MailOnFailure
0,b47e5fa3-0933-4371-b7f6-1840c4509aa1,http://wabi-north-europe-l-primary-redirect.analysis.windows.net/v1.0/myorg/$metadata#Microsoft.PowerBI.ServiceContracts.Api.V1.RefreshSchedule,"Sunday,Monday,Tuesday,Wednesday,Thursday,Friday,Saturday",06:30,True,Arabian Standard Time,MailOnFailure
0,cb793bbb-502a-4b50-83df-7043eac13046,http://wabi-north-europe-l-primary-redirect.analysis.windows.net/v1.0/myorg/$metadata#Microsoft.PowerBI.ServiceContracts.Api.V1.RefreshSchedule,"Sunday,Monday,Tuesday,Wednesday,Thursday,Friday,Saturday",06:00,True,Arabian Standard Time,MailOnFailure
0,845a9738-ac4e-462d-9f10-2957e476a0d1,http://wabi-north-europe-l-primary-redirect.analysis.windows.net/v1.0/myorg/$metadata#Microsoft.PowerBI.ServiceContracts.Api.V1.RefreshSchedule,"Sunday,Monday,Tuesday,Wednesday,Thursday,Friday,Saturday",06:30,True,Arabian Standard Time,MailOnFailure
0,b2325818-143b-4b8b-bd8c-cde41f3df4e5,http://wabi-north-europe-l-primary-redirect.analysis.windows.net/v1.0/myorg/$metadata#Microsoft.PowerBI.ServiceContracts.Api.V1.RefreshSchedule,"Sunday,Monday,Tuesday,Wednesday,Thursday,Friday,Saturday",08:00,True,Arabian Standard Time,MailOnFailure
0,d43eeed6-184b-4547-a3db-1972f5b52898,http://wabi-north-europe-l-primary-redirect.analysis.windows.net/v1.0/myorg/$metadata#Microsoft.PowerBI.ServiceContracts.Api.V1.RefreshSchedule,"Sunday,Monday,Tuesday,Wednesday,Thursday,Friday,Saturday",08:00,True,Arabian Standard Time,MailOnFailure
0,8776b1c0-187b-4a84-823d-6f3684b7c7b1,http://wabi-north-europe-l-primary-redirect.analysis.windows.net/v1.0/myorg/$metadata#Microsoft.PowerBI.ServiceContracts.Api.V1.RefreshSchedule,"Sunday,Monday,Tuesday,Wednesday,Thursday,Friday,Saturday",06:00,False,Arabian Standard Time,MailOnFailure
0,190aba9e-127b-441b-97d8-e57f0e331fce,http://wabi-north-europe-l-primary-redirect.analysis.windows.net/v1.0/myorg/$metadata#Microsoft.PowerBI.ServiceContracts.Api.V1.RefreshSchedule,"Sunday,Monday,Tuesday,Wednesday,Thursday,Friday,Saturday",00:30,False,UTC,MailOnFailure
0,5b00a983-2e51-497a-a2e8-a6e3ec7eab12,http://wabi-north-europe-l-primary-redirect.analysis.windows.net/v1.0/myorg/$metadata#Microsoft.PowerBI.ServiceContracts.Api.V1.RefreshSchedule,"Sunday,Monday,Tuesday,Wednesday,Thursday,Friday,Saturday",08:00,True,Arabian Standard Time,MailOnFailure
0,38314fdb-1d6e-416a-b478-c9a3201b7c22,http://wabi-north-europe-l-primary-redirect.analysis.windows.net/v1.0/myorg/$metadata#Microsoft.PowerBI.ServiceContracts.Api.V1.RefreshSchedule,"Sunday,Monday,Tuesday,Wednesday,Thursday,Friday,Saturday",06:30,True,Arabian Standard Time,MailOnFailure
0,fbeddc34-0a03-43fc-8497-5ee6039b2cb3,http://wabi-north-europe-l-primary-redirect.analysis.windows.net/v1.0/myorg/$metadata#Microsoft.PowerBI.ServiceContracts.Api.V1.RefreshSchedule,"Sunday,Monday,Tuesday,Wednesday,Thursday,Friday,Saturday",08:00,True,Arabian Standard Time,MailOnFailure
0,a9f70d8e-de82-4ddb-b60e-74764740f28c,http://wabi-north-europe-l-primary-redirect.analysis.windows.net/v1.0/myorg/$metadata#Microsoft.PowerBI.ServiceContracts.Api.V1.RefreshSchedule,"Sunday,Monday,Tuesday,Wednesday,Thursday,Friday,Saturday",09:00,True,Arabian Standard Time,MailOnFailure
0,b6a3e15f-fa41-40ce-85a2-10c493ef947a,http://wabi-north-europe-l-primary-redirect.analysis.windows.net/v1.0/myorg/$metadata#Microsoft.PowerBI.ServiceContracts.Api.V1.RefreshSchedule,"Sunday,Monday,Tuesday,Wednesday,Thursday,Friday,Saturday",10:30,True,Arabian Standard Time,MailOnFailure
0,11f38f45-dfe6-4d05-a266-7bcfcf24927c,http://wabi-north-europe-l-primary-redirect.analysis.windows.net/v1.0/myorg/$metadata#Microsoft.PowerBI.ServiceContracts.Api.V1.RefreshSchedule,"Sunday,Monday,Tuesday,Wednesday,Thursday,Friday,Saturday","09:30,12:00,14:00,16:00,18:00,20:00",True,Arabian Standard Time,MailOnFailure
0,c5968cfc-d263-4c39-b2bd-5b3c1a5bf9d1,http://wabi-north-europe-l-primary-redirect.analysis.windows.net/v1.0/myorg/$metadata#Microsoft.PowerBI.ServiceContracts.Api.V1.RefreshSchedule,"Sunday,Monday,Tuesday,Wednesday,Thursday,Friday,Saturday",09:30,False,Arabian Standard Time,MailOnFailure
0,2dbea155-069d-4c63-abfa-2e4a91b848a0,http://wabi-north-europe-l-primary-redirect.analysis.windows.net/v1.0/myorg/$metadata#Microsoft.PowerBI.ServiceContracts.Api.V1.RefreshSchedule,"Sunday,Monday,Tuesday,Wednesday,Thursday,Friday,Saturday",20:15,True,UTC,MailOnFailure
0,75f0456d-6152-4298-8987-eed9d0232340,http://wabi-north-europe-l-primary-redirect.analysis.windows.net/v1.0/myorg/$metadata#Microsoft.PowerBI.ServiceContracts.Api.V1.RefreshSchedule,"Sunday,Monday,Tuesday,Wednesday,Thursday,Friday,Saturday",09:00,True,Arabian Standard Time,MailOnFailure
0,35dc4057-b60a-499f-850d-011260d1a939,http://wabi-north-europe-l-primary-redirect.analysis.windows.net/v1.0/myorg/$metadata#Microsoft.PowerBI.ServiceContracts.Api.V1.RefreshSchedule,"Sunday,Monday,Tuesday,Wednesday,Thursday,Friday,Saturday",06:00,True,Arabian Standard Time,MailOnFailure
0,1bf9b4e3-03fc-43b0-8684-b14cafce9c47,http://wabi-north-europe-l-primary-redirect.analysis.windows.net/v1.0/myorg/$metadata#Microsoft.PowerBI.ServiceContracts.Api.V1.RefreshSchedule,"Sunday,Monday,Tuesday,Wednesday,Thursday,Friday,Saturday",07:30,True,Arabian Standard Time,MailOnFailure
0,d59dc48c-8cdf-4230-9cf6-ce286c0468d5,http://wabi-north-europe-l-primary-redirect.analysis.windows.net/v1.0/myorg/$metadata#Microsoft.PowerBI.ServiceContracts.Api.V1.RefreshSchedule,"Sunday,Monday,Tuesday,Wednesday,Thursday,Friday,Saturday",18:00,False,UTC,MailOnFailure
0,da63085d-8849-4b8f-b7cb-cf0345101f5f,http://wabi-north-europe-l-primary-redirect.analysis.windows.net/v1.0/myorg/$metadata#Microsoft.PowerBI.ServiceContracts.Api.V1.RefreshSchedule,"Sunday,Monday,Tuesday,Wednesday,Thursday,Friday,Saturday",09:00,True,Arabian Standard Time,MailOnFailure
0,02da94ba-eeb3-476c-99f1-4591ef049869,http://wabi-north-europe-l-primary-redirect.analysis.windows.net/v1.0/myorg/$metadata#Microsoft.PowerBI.ServiceContracts.Api.V1.RefreshSchedule,"Sunday,Monday,Tuesday,Wednesday,Thursday,Friday,Saturday",06:00,True,Arabian Standard Time,MailOnFailure
0,3708b7e4-5442-4b64-b362-e1a5d93fa103,http://wabi-north-europe-l-primary-redirect.analysis.windows.net/v1.0/myorg/$metadata#Microsoft.PowerBI.ServiceContracts.Api.V1.RefreshSchedule,"Sunday,Monday,Tuesday,Wednesday,Thursday,Friday,Saturday",08:00,True,Arabian Standard Time,MailOnFailure
0,478858ac-6e8c-4356-a1e5-ec4916afac34,http://wabi-north-europe-l-primary-redirect.analysis.windows.net/v1.0/myorg/$metadata#Microsoft.PowerBI.ServiceContracts.Api.V1.RefreshSchedule,"Sunday,Monday,Tuesday,Wednesday,Thursday,Friday,Saturday",06:30,True,Arabian Standard Time,MailOnFailure
0,72a195fb-3b4d-41b0-9440-e6d35de4bbec,http://wabi-north-europe-l-primary-redirect.analysis.windows.net/v1.0/myorg/$metadata#Microsoft.PowerBI.ServiceContracts.Api.V1.RefreshSchedule,"Sunday,Monday,Tuesday,Wednesday,Thursday,Friday,Saturday",09:00,True,Arabian Standard Time,MailOnFailure
0,3baf1da1-45cd-4ad2-81dd-ce61fb34caaa,http://wabi-north-europe-l-primary-redirect.analysis.windows.net/v1.0/myorg/$metadata#Microsoft.PowerBI.ServiceContracts.Api.V1.RefreshSchedule,"Sunday,Monday,Tuesday,Wednesday,Thursday,Friday,Saturday",06:00,True,Arabian Standard Time,MailOnFailure
0,6bde892d-dd83-4fa9-84cd-de1b96dc24ce,http://wabi-north-europe-l-primary-redirect.analysis.windows.net/v1.0/myorg/$metadata#Microsoft.PowerBI.ServiceContracts.Api.V1.RefreshSchedule,"Sunday,Monday,Tuesday,Wednesday,Thursday,Friday,Saturday",06:30,True,Arabian Standard Time,MailOnFailure
0,ceb5cf80-07e8-4fe2-8b3e-baa5d7853729,http://wabi-north-europe-l-primary-redirect.analysis.windows.net/v1.0/myorg/$metadata#Microsoft.PowerBI.ServiceContracts.Api.V1.RefreshSchedule,"Sunday,Monday,Tuesday,Wednesday,Thursday,Friday,Saturday",06:00,True,Arabian Standard Time,MailOnFailure
0,a16be2ea-3744-4525-a4d3-ad501135351c,http://wabi-north-europe-l-primary-redirect.analysis.windows.net/v1.0/myorg/$metadata#Microsoft.PowerBI.ServiceContracts.Api.V1.RefreshSchedule,"Sunday,Monday,Tuesday,Wednesday,Thursday,Friday,Saturday","08:30,16:30",True,Arabian Standard Time,MailOnFailure
0,ea9da11d-a540-41ca-864e-fbb4bdcf4e2d,http://wabi-north-europe-l-primary-redirect.analysis.windows.net/v1.0/myorg/$metadata#Microsoft.PowerBI.ServiceContracts.Api.V1.RefreshSchedule,"Sunday,Monday,Tuesday,Wednesday,Thursday,Friday,Saturday",09:30,True,Arabian Standard Time,MailOnFailure
0,60b6fcff-a725-4749-a205-67fa79902131,http://wabi-north-europe-l-primary-redirect.analysis.windows.net/v1.0/myorg/$metadata#Microsoft.PowerBI.ServiceContracts.Api.V1.RefreshSchedule,"Sunday,Monday,Tuesday,Wednesday,Thursday,Friday,Saturday",06:00,True,Arabian Standard Time,MailOnFailure
0,7abe485b-d1fe-4d95-b8d2-2ed7c27b8afe,http://wabi-north-europe-l-primary-redirect.analysis.windows.net/v1.0/myorg/$metadata#Microsoft.PowerBI.ServiceContracts.Api.V1.RefreshSchedule,"Sunday,Monday,Tuesday,Wednesday,Thursday,Friday,Saturday",06:00,True,Arabian Standard Time,MailOnFailure
0,40e35ad5-d4d8-4060-8eff-bbd3b437c626,http://wabi-north-europe-l-primary-redirect.analysis.windows.net/v1.0/myorg/$metadata#Microsoft.PowerBI.ServiceContracts.Api.V1.RefreshSchedule,"Sunday,Monday,Tuesday,Wednesday,Thursday,Friday,Saturday",06:00,True,Arabian Standard Time,MailOnFailure
0,6b8ceaa7-d387-4c6a-9d04-fb0af49c81c1,http://wabi-north-europe-l-primary-redirect.analysis.windows.net/v1.0/myorg/$metadata#Microsoft.PowerBI.ServiceContracts.Api.V1.RefreshSchedule,"Sunday,Monday,Tuesday,Wednesday,Thursday,Friday,Saturday",06:30,True,Arabian Standard Time,MailOnFailure
0,c3aca556-87ee-49ed-a169-f349c615cffd,http://wabi-north-europe-l-primary-redirect.analysis.windows.net/v1.0/myorg/$metadata#Microsoft.PowerBI.ServiceContracts.Api.V1.RefreshSchedule,"Sunday,Monday,Tuesday,Wednesday,Thursday,Friday,Saturday",13:30,False,UTC,MailOnFailure
0,f15b5ce7-fb6a-4f68-b0ab-c6b585b57f52,http://wabi-north-europe-l-primary-redirect.analysis.windows.net/v1.0/myorg/$metadata#Microsoft.PowerBI.ServiceContracts.Api.V1.RefreshSchedule,"Sunday,Monday,Tuesday,Wednesday,Thursday,Friday,Saturday",06:00,True,Arabian Standard Time,MailOnFailure
0,aa44f58d-3d42-4be0-8808-60ac95cb7263,http://wabi-north-europe-l-primary-redirect.analysis.windows.net/v1.0/myorg/$metadata#Microsoft.PowerBI.ServiceContracts.Api.V1.RefreshSchedule,"Sunday,Monday,Tuesday,Wednesday,Thursday,Friday,Saturday",05:00,False,Arabian Standard Time,MailOnFailure
0,0256a24c-238f-41cd-8c7f-2bca582f8796,http://wabi-north-europe-l-primary-redirect.analysis.windows.net/v1.0/myorg/$metadata#Microsoft.PowerBI.ServiceContracts.Api.V1.RefreshSchedule,"Sunday,Monday,Tuesday,Wednesday,Thursday,Friday,Saturday",05:30,False,Arabian Standard Time,MailOnFailure
0,140c2212-5c08-485b-8841-ce92729aa86e,http://wabi-north-europe-l-primary-redirect.analysis.windows.net/v1.0/myorg/$metadata#Microsoft.PowerBI.ServiceContracts.Api.V1.RefreshSchedule,"Sunday,Monday,Tuesday,Wednesday,Thursday,Friday,Saturday",06:30,False,Arabian Standard Time,MailOnFailure
0,d5df1a2d-43db-4965-a2f7-af5eb8654f0d,http://wabi-north-europe-l-primary-redirect.analysis.windows.net/v1.0/myorg/$metadata#Microsoft.PowerBI.ServiceContracts.Api.V1.RefreshSchedule,"Sunday,Monday,Tuesday,Wednesday,Thursday,Friday,Saturday",17:00,False,UTC,MailOnFailure
0,7e9d580e-effb-4908-875f-cef13005743c,http://wabi-north-europe-l-primary-redirect.analysis.windows.net/v1.0/myorg/$metadata#Microsoft.PowerBI.ServiceContracts.Api.V1.RefreshSchedule,"Sunday,Monday,Tuesday,Wednesday,Thursday,Friday,Saturday",05:00,False,Arabian Standard Time,MailOnFailure
0,cf3aafa9-4a30-4185-b9e3-c3677069619f,http://wabi-north-europe-l-primary-redirect.analysis.windows.net/v1.0/myorg/$metadata#Microsoft.PowerBI.ServiceContracts.Api.V1.RefreshSchedule,"Sunday,Monday,Tuesday,Wednesday,Thursday,Friday,Saturday",18:30,False,UTC,MailOnFailure
0,c367edfa-d8e0-4e42-8d12-69c84d0642c9,http://wabi-north-europe-l-primary-redirect.analysis.windows.net/v1.0/myorg/$metadata#Microsoft.PowerBI.ServiceContracts.Api.V1.RefreshSchedule,"Sunday,Monday,Tuesday,Wednesday,Thursday,Friday,Saturday",05:00,False,UTC,MailOnFailure
0,39f93e3b-94f1-4b72-a4eb-227eedda6cd4,http://wabi-north-europe-l-primary-redirect.analysis.windows.net/v1.0/myorg/$metadata#Microsoft.PowerBI.ServiceContracts.Api.V1.RefreshSchedule,"Sunday,Monday,Tuesday,Wednesday,Thursday,Friday,Saturday",06:00,False,Arabian Standard Time,MailOnFailure
0,75f40edb-8a40-4ca0-bc30-8f70dabb7215,http://wabi-north-europe-l-primary-redirect.analysis.windows.net/v1.0/myorg/$metadata#Microsoft.PowerBI.ServiceContracts.Api.V1.RefreshSchedule,"Sunday,Monday,Tuesday,Wednesday,Thursday,Friday,Saturday",05:00,True,Arabian Standard Time,MailOnFailure
0,277e9f85-02d0-40df-bb2c-0b7bc7ed9ae6,http://wabi-north-europe-l-primary-redirect.analysis.windows.net/v1.0/myorg/$metadata#Microsoft.PowerBI.ServiceContracts.Api.V1.RefreshSchedule,"Sunday,Monday,Tuesday,Wednesday,Thursday,Friday,Saturday",08:00,True,India Standard Time,MailOnFailure
0,1d454e8e-0349-4e4d-ab42-93b387e780d0,http://wabi-north-europe-l-primary-redirect.analysis.windows.net/v1.0/myorg/$metadata#Microsoft.PowerBI.ServiceContracts.Api.V1.RefreshSchedule,"Sunday,Monday,Tuesday,Wednesday,Thursday,Friday,Saturday",10:20,True,UTC,MailOnFailure
0,dbe736bf-567b-49aa-bcac-1d5d9c6968a9,http://wabi-north-europe-l-primary-redirect.analysis.windows.net/v1.0/myorg/$metadata#Microsoft.PowerBI.ServiceContracts.Api.V1.RefreshSchedule,"Sunday,Monday,Tuesday,Wednesday,Thursday,Friday,Saturday",07:00,False,Arabian Standard Time,MailOnFailure
0,f74f9ee0-9f13-498f-928d-3605790356da,http://wabi-north-europe-l-primary-redirect.analysis.windows.net/v1.0/myorg/$metadata#Microsoft.PowerBI.ServiceContracts.Api.V1.RefreshSchedule,"Sunday,Monday,Tuesday,Wednesday,Thursday,Friday,Saturday",06:30,False,UTC,MailOnFailure
0,0e9cdadd-f3d7-4207-a932-cce922ede507,http://wabi-north-europe-l-primary-redirect.analysis.windows.net/v1.0/myorg/$metadata#Microsoft.PowerBI.ServiceContracts.Api.V1.RefreshSchedule,"Sunday,Monday,Tuesday,Wednesday,Thursday,Friday,Saturday",00:00,False,UTC,MailOnFailure
0,07027a98-5f1f-4945-a6b2-26dfe4f24ae7,http://wabi-north-europe-l-primary-redirect.analysis.windows.net/v1.0/myorg/$metadata#Microsoft.PowerBI.ServiceContracts.Api.V1.RefreshSchedule,"Sunday,Monday,Tuesday,Wednesday,Thursday,Friday,Saturday",09:30,False,Arabian Standard Time,MailOnFailure
0,f17dcd3b-0e83-40fb-9e9b-7b3723f84490,http://wabi-north-europe-l-primary-redirect.analysis.windows.net/v1.0/myorg/$metadata#Microsoft.PowerBI.ServiceContracts.Api.V1.RefreshSchedule,"Sunday,Monday,Tuesday,Wednesday,Thursday,Friday,Saturday",22:30,False,UTC,MailOnFailure
0,8b6d54f4-fa76-473a-86e7-16563bf17e32,http://wabi-north-europe-l-primary-redirect.analysis.windows.net/v1.0/myorg/$metadata#Microsoft.PowerBI.ServiceContracts.Api.V1.RefreshSchedule,"Sunday,Monday,Tuesday,Wednesday,Thursday,Friday,Saturday",04:00,False,Arabian Standard Time,MailOnFailure
0,9a775304-49fb-4eb9-91d1-8985bc7759e2,http://wabi-north-europe-l-primary-redirect.analysis.windows.net/v1.0/myorg/$metadata#Microsoft.PowerBI.ServiceContracts.Api.V1.RefreshSchedule,"Sunday,Monday,Tuesday,Wednesday,Thursday,Friday,Saturday",07:30,True,India Standard Time,MailOnFailure
0,773e18fe-2e07-486c-a948-9e24379f0faf,http://wabi-north-europe-l-primary-redirect.analysis.windows.net/v1.0/myorg/$metadata#Microsoft.PowerBI.ServiceContracts.Api.V1.RefreshSchedule,"Sunday,Monday,Tuesday,Wednesday,Thursday,Friday,Saturday",07:30,True,India Standard Time,MailOnFailure
0,b5cb5afa-2614-480d-aaa9-5d6c7a1bc512,http://wabi-north-europe-l-primary-redirect.analysis.windows.net/v1.0/myorg/$metadata#Microsoft.PowerBI.ServiceContracts.Api.V1.RefreshSchedule,"Sunday,Monday,Tuesday,Wednesday,Thursday,Friday,Saturday",10:00,False,Arabian Standard Time,MailOnFailure
0,4ea63682-769d-43b8-abd9-ed8328b225f4,http://wabi-north-europe-l-primary-redirect.analysis.windows.net/v1.0/myorg/$metadata#Microsoft.PowerBI.ServiceContracts.Api.V1.RefreshSchedule,"Sunday,Monday,Tuesday,Wednesday,Thursday,Friday,Saturday",00:00,False,UTC,MailOnFailure
0,60013cab-34bd-4ae8-99bf-268e2cdf67e8,http://wabi-north-europe-l-primary-redirect.analysis.windows.net/v1.0/myorg/$metadata#Microsoft.PowerBI.ServiceContracts.Api.V1.RefreshSchedule,"Sunday,Monday,Tuesday,Wednesday,Thursday,Friday,Saturday",10:00,False,Arabian Standard Time,MailOnFailure
0,8b1f5298-1085-48cc-9c93-05b9a4094c5d,http://wabi-north-europe-l-primary-redirect.analysis.windows.net/v1.0/myorg/$metadata#Microsoft.PowerBI.ServiceContracts.Api.V1.RefreshSchedule,"Sunday,Monday,Tuesday,Wednesday,Thursday,Friday,Saturday",07:30,False,UTC,MailOnFailure
0,2d1e6d99-9503-43c1-b9c8-fae263e76da3,http://wabi-north-europe-l-primary-redirect.analysis.windows.net/v1.0/myorg/$metadata#Microsoft.PowerBI.ServiceContracts.Api.V1.RefreshSchedule,"Sunday,Monday,Tuesday,Wednesday,Thursday,Friday,Saturday",06:30,False,Arabian Standard Time,MailOnFailure
0,73e57499-7efe-4cff-845f-55396184860c,http://wabi-north-europe-l-primary-redirect.analysis.windows.net/v1.0/myorg/$metadata#Microsoft.PowerBI.ServiceContracts.Api.V1.RefreshSchedule,"Sunday,Monday,Tuesday,Wednesday,Thursday,Friday,Saturday",06:00,False,UTC,MailOnFailure
0,bcf552ef-7bf7-4788-9054-e58b5bd4acf8,http://wabi-north-europe-l-primary-redirect.analysis.windows.net/v1.0/myorg/$metadata#Microsoft.PowerBI.ServiceContracts.Api.V1.RefreshSchedule,"Sunday,Monday,Tuesday,Wednesday,Thursday,Friday,Saturday",14:00,False,UTC,MailOnFailure
0,82d43c24-2e06-45c5-bcdc-4c0092feb13d,http://wabi-north-europe-l-primary-redirect.analysis.windows.net/v1.0/myorg/$metadata#Microsoft.PowerBI.ServiceContracts.Api.V1.RefreshSchedule,"Sunday,Monday,Tuesday,Wednesday,Thursday,Friday,Saturday",22:30,False,UTC,MailOnFailure
0,c38cc8b4-05c0-492a-b2b2-fe6c9454c131,http://wabi-north-europe-l-primary-redirect.analysis.windows.net/v1.0/myorg/$metadata#Microsoft.PowerBI.ServiceContracts.Api.V1.RefreshSchedule,"Sunday,Monday,Tuesday,Wednesday,Thursday,Friday,Saturday",08:30,False,UTC,MailOnFailure
0,78b98af8-1cc7-4819-b424-dd498f9e510d,http://wabi-north-europe-l-primary-redirect.analysis.windows.net/v1.0/myorg/$metadata#Microsoft.PowerBI.ServiceContracts.Api.V1.RefreshSchedule,"Sunday,Monday,Tuesday,Wednesday,Thursday,Friday,Saturday",12:30,False,UTC,MailOnFailure
0,60759640-b951-4865-a19b-989bf78aa10c,http://wabi-north-europe-l-primary-redirect.analysis.windows.net/v1.0/myorg/$metadata#Microsoft.PowerBI.ServiceContracts.Api.V1.RefreshSchedule,"Sunday,Monday,Tuesday,Wednesday,Thursday,Friday,Saturday",08:00,False,Arabian Standard Time,MailOnFailure
0,17b37594-1e60-4274-b8b2-fb2de04f1239,http://wabi-north-europe-l-primary-redirect.analysis.windows.net/v1.0/myorg/$metadata#Microsoft.PowerBI.ServiceContracts.Api.V1.RefreshSchedule,"Sunday,Monday,Tuesday,Wednesday,Thursday,Friday,Saturday",17:30,False,UTC,MailOnFailure
0,466ae7ed-815a-477c-a82b-a1facd165e7d,http://wabi-north-europe-l-primary-redirect.analysis.windows.net/v1.0/myorg/$metadata#Microsoft.PowerBI.ServiceContracts.Api.V1.RefreshSchedule,"Sunday,Monday,Tuesday,Wednesday,Thursday,Friday,Saturday",07:30,False,Arabian Standard Time,MailOnFailure
0,3924f3e1-cbc3-491d-a074-f0c3bcad6472,http://wabi-north-europe-l-primary-redirect.analysis.windows.net/v1.0/myorg/$metadata#Microsoft.PowerBI.ServiceContracts.Api.V1.RefreshSchedule,"Sunday,Monday,Tuesday,Wednesday,Thursday,Friday,Saturday",08:00,False,Arabian Standard Time,MailOnFailure
0,fad496eb-f45a-457e-b1df-825af1386903,http://wabi-north-europe-l-primary-redirect.analysis.windows.net/v1.0/myorg/$metadata#Microsoft.PowerBI.ServiceContracts.Api.V1.RefreshSchedule,"Sunday,Monday,Tuesday,Wednesday,Thursday,Friday,Saturday",07:00,False,Arabian Standard Time,MailOnFailure
0,a81c3ed8-1fe6-4564-a300-53e531e34b1f,http://wabi-north-europe-l-primary-redirect.analysis.windows.net/v1.0/myorg/$metadata#Microsoft.PowerBI.ServiceContracts.Api.V1.RefreshSchedule,"Sunday,Monday,Tuesday,Wednesday,Thursday,Friday,Saturday",06:00,True,Arabian Standard Time,MailOnFailure
0,b1c04271-aaa1-4f37-84ec-e4d6dac2ab54,http://wabi-north-europe-l-primary-redirect.analysis.windows.net/v1.0/myorg/$metadata#Microsoft.PowerBI.ServiceContracts.Api.V1.RefreshSchedule,"Sunday,Monday,Tuesday,Wednesday,Thursday,Friday,Saturday",10:30,False,UTC,MailOnFailure
0,5c7397c7-726f-4409-9f15-dccbd7fa0f22,http://wabi-north-europe-l-primary-redirect.analysis.windows.net/v1.0/myorg/$metadata#Microsoft.PowerBI.ServiceContracts.Api.V1.RefreshSchedule,"Sunday,Monday,Tuesday,Wednesday,Thursday,Friday,Saturday",06:30,False,Arabian Standard Time,MailOnFailure
0,c2715615-a011-4bdb-9686-11bcf84a7715,http://wabi-north-europe-l-primary-redirect.analysis.windows.net/v1.0/myorg/$metadata#Microsoft.PowerBI.ServiceContracts.Api.V1.RefreshSchedule,"Sunday,Monday,Tuesday,Wednesday,Thursday,Friday,Saturday",04:30,True,Arabian Standard Time,MailOnFailure
0,5c11ff70-5690-410c-ab0b-6981e2a4b390,http://wabi-north-europe-l-primary-redirect.analysis.windows.net/v1.0/myorg/$metadata#Microsoft.PowerBI.ServiceContracts.Api.V1.RefreshSchedule,"Sunday,Monday,Tuesday,Wednesday,Thursday,Friday,Saturday",06:30,True,Arabian Standard Time,MailOnFailure
0,b98cdb8a-653d-4a61-bb5b-edc0d2b03195,http://wabi-north-europe-l-primary-redirect.analysis.windows.net/v1.0/myorg/$metadata#Microsoft.PowerBI.ServiceContracts.Api.V1.RefreshSchedule,"Sunday,Monday,Tuesday,Wednesday,Thursday,Friday,Saturday",06:00,True,Arabian Standard Time,MailOnFailure
0,6c34e0a7-de87-4058-a856-3b03c7858517,http://wabi-north-europe-l-primary-redirect.analysis.windows.net/v1.0/myorg/$metadata#Microsoft.PowerBI.ServiceContracts.Api.V1.RefreshSchedule,"Sunday,Monday,Tuesday,Wednesday,Thursday,Friday,Saturday",05:30,True,Arabian Standard Time,MailOnFailure
0,74f4ad6e-c001-4f08-aaa8-25a000a91dba,http://wabi-north-europe-l-primary-redirect.analysis.windows.net/v1.0/myorg/$metadata#Microsoft.PowerBI.ServiceContracts.Api.V1.RefreshSchedule,"Sunday,Monday,Tuesday,Wednesday,Thursday,Friday,Saturday",22:00,False,UTC,MailOnFailure
0,7a4ff605-5069-493a-8665-d48b571d3e5f,http://wabi-north-europe-l-primary-redirect.analysis.windows.net/v1.0/myorg/$metadata#Microsoft.PowerBI.ServiceContracts.Api.V1.RefreshSchedule,"Sunday,Monday,Tuesday,Wednesday,Thursday,Friday,Saturday",07:00,False,UTC,MailOnFailure
0,a59c22fd-d506-46d7-9d95-710686b5cc96,http://wabi-north-europe-l-primary-redirect.analysis.windows.net/v1.0/myorg/$metadata#Microsoft.PowerBI.ServiceContracts.Api.V1.RefreshSchedule,"Sunday,Monday,Tuesday,Wednesday,Thursday,Friday,Saturday",07:30,True,India Standard Time,MailOnFailure
0,776cb23c-3b3c-445d-84b4-f3542a60a6dc,http://wabi-north-europe-l-primary-redirect.analysis.windows.net/v1.0/myorg/$metadata#Microsoft.PowerBI.ServiceContracts.Api.V1.RefreshSchedule,"Sunday,Monday,Tuesday,Wednesday,Thursday,Friday,Saturday",07:30,True,India Standard Time,MailOnFailure
0,e220e2fd-de69-4a46-9a30-e23608e8506b,http://wabi-north-europe-l-primary-redirect.analysis.windows.net/v1.0/myorg/$metadata#Microsoft.PowerBI.ServiceContracts.Api.V1.RefreshSchedule,"Sunday,Monday,Tuesday,Wednesday,Thursday,Friday,Saturday",07:30,True,India Standard Time,MailOnFailure
0,8d2850af-cd55-47b9-9e1a-dce1dfef02d1,http://wabi-north-europe-l-primary-redirect.analysis.windows.net/v1.0/myorg/$metadata#Microsoft.PowerBI.ServiceContracts.Api.V1.RefreshSchedule,"Sunday,Monday,Tuesday,Wednesday,Thursday,Friday,Saturday",07:30,True,India Standard Time,MailOnFailure
0,6cc65867-b20f-4c5a-9940-aab94d4af674,http://wabi-north-europe-l-primary-redirect.analysis.windows.net/v1.0/myorg/$metadata#Microsoft.PowerBI.ServiceContracts.Api.V1.RefreshSchedule,"Sunday,Monday,Tuesday,Wednesday,Thursday,Friday,Saturday",07:30,True,India Standard Time,MailOnFailure
0,298c50d2-78c1-4a14-aedd-c8f708e43d1f,http://wabi-north-europe-l-primary-redirect.analysis.windows.net/v1.0/myorg/$metadata#Microsoft.PowerBI.ServiceContracts.Api.V1.RefreshSchedule,"Sunday,Monday,Tuesday,Wednesday,Thursday,Friday,Saturday",07:30,True,India Standard Time,MailOnFailure
0,b3e9eca9-b477-4daf-9c28-a45405555603,http://wabi-north-europe-l-primary-redirect.analysis.windows.net/v1.0/myorg/$metadata#Microsoft.PowerBI.ServiceContracts.Api.V1.RefreshSchedule,"Sunday,Monday,Tuesday,Wednesday,Thursday,Friday,Saturday",07:30,True,India Standard Time,MailOnFailure
0,61ff7109-5ae5-43f3-9e61-4539eccaa719,http://wabi-north-europe-l-primary-redirect.analysis.windows.net/v1.0/myorg/$metadata#Microsoft.PowerBI.ServiceContracts.Api.V1.RefreshSchedule,"Sunday,Monday,Tuesday,Wednesday,Thursday,Friday,Saturday",07:30,True,India Standard Time,MailOnFailure
0,ad5ee2d1-f9e9-4ffa-960d-720250b95520,http://wabi-north-europe-l-primary-redirect.analysis.windows.net/v1.0/myorg/$metadata#Microsoft.PowerBI.ServiceContracts.Api.V1.RefreshSchedule,"Sunday,Monday,Tuesday,Wednesday,Thursday,Friday,Saturday",07:30,True,India Standard Time,MailOnFailure
0,8077591c-f25c-46a7-901c-8040f124cad6,http://wabi-north-europe-l-primary-redirect.analysis.windows.net/v1.0/myorg/$metadata#Microsoft.PowerBI.ServiceContracts.Api.V1.RefreshSchedule,"Sunday,Monday,Tuesday,Wednesday,Thursday,Friday,Saturday",08:00,False,Arabian Standard Time,MailOnFailure
0,709f712d-2b95-420d-bed8-5ed93e2a45e5,http://wabi-north-europe-l-primary-redirect.analysis.windows.net/v1.0/myorg/$metadata#Microsoft.PowerBI.ServiceContracts.Api.V1.RefreshSchedule,"Sunday,Monday,Tuesday,Wednesday,Thursday,Friday,Saturday",06:00,True,India Standard Time,MailOnFailure
0,3d7ffadc-91cd-4df2-9974-acb53dc78b27,http://wabi-north-europe-l-primary-redirect.analysis.windows.net/v1.0/myorg/$metadata#Microsoft.PowerBI.ServiceContracts.Api.V1.RefreshSchedule,"Sunday,Monday,Tuesday,Wednesday,Thursday,Friday,Saturday",07:00,False,Arabian Standard Time,MailOnFailure
0,6d8e94bc-b38f-4e98-bc9e-2bf96ce87029,http://wabi-north-europe-l-primary-redirect.analysis.windows.net/v1.0/myorg/$metadata#Microsoft.PowerBI.ServiceContracts.Api.V1.RefreshSchedule,"Sunday,Monday,Tuesday,Wednesday,Thursday,Friday,Saturday",08:00,True,Arabian Standard Time,MailOnFailure
0,178ef4d6-4c10-443b-aa42-b97d74e46239,http://wabi-north-europe-l-primary-redirect.analysis.windows.net/v1.0/myorg/$metadata#Microsoft.PowerBI.ServiceContracts.Api.V1.RefreshSchedule,"Sunday,Monday,Tuesday,Wednesday,Thursday,Friday,Saturday",08:00,False,Arabian Standard Time,MailOnFailure
0,e9a6693b-9f6f-459c-9af7-a4a3bfcb3fd4,http://wabi-north-europe-l-primary-redirect.analysis.windows.net/v1.0/myorg/$metadata#Microsoft.PowerBI.ServiceContracts.Api.V1.RefreshSchedule,"Sunday,Monday,Tuesday,Wednesday,Thursday,Friday,Saturday",15:30,False,UTC,MailOnFailure
0,1323a8f2-8a7d-4bc7-96f6-53559407dc41,http://wabi-north-europe-l-primary-redirect.analysis.windows.net/v1.0/myorg/$metadata#Microsoft.PowerBI.ServiceContracts.Api.V1.RefreshSchedule,"Sunday,Monday,Tuesday,Wednesday,Thursday,Friday,Saturday",08:00,False,Arabian Standard Time,MailOnFailure
0,6141ae7e-8501-4392-bfd3-a1e7e7987b3e,http://wabi-north-europe-l-primary-redirect.analysis.windows.net/v1.0/myorg/$metadata#Microsoft.PowerBI.ServiceContracts.Api.V1.RefreshSchedule,"Sunday,Monday,Tuesday,Wednesday,Thursday,Friday,Saturday",06:00,True,Arabian Standard Time,MailOnFailure
0,275bbe18-bbc3-4ea9-9227-9b661bff0114,http://wabi-north-europe-l-primary-redirect.analysis.windows.net/v1.0/myorg/$metadata#Microsoft.PowerBI.ServiceContracts.Api.V1.RefreshSchedule,"Sunday,Monday,Tuesday,Wednesday,Thursday,Friday,Saturday",10:30,False,Arabian Standard Time,MailOnFailure
0,12f79646-a671-4a97-bea2-df25dc8d9af2,http://wabi-north-europe-l-primary-redirect.analysis.windows.net/v1.0/myorg/$metadata#Microsoft.PowerBI.ServiceContracts.Api.V1.RefreshSchedule,"Sunday,Monday,Tuesday,Wednesday,Thursday,Friday,Saturday",06:30,True,Arabian Standard Time,MailOnFailure
0,90168583-f476-461e-8e3e-471a262f18f1,http://wabi-north-europe-l-primary-redirect.analysis.windows.net/v1.0/myorg/$metadata#Microsoft.PowerBI.ServiceContracts.Api.V1.RefreshSchedule,"Sunday,Monday,Tuesday,Wednesday,Thursday,Friday,Saturday",07:30,True,India Standard Time,MailOnFailure
0,79815187-6389-4414-be35-135ef943ce84,http://wabi-north-europe-l-primary-redirect.analysis.windows.net/v1.0/myorg/$metadata#Microsoft.PowerBI.ServiceContracts.Api.V1.RefreshSchedule,"Sunday,Monday,Tuesday,Wednesday,Thursday,Friday,Saturday",06:00,True,Arabian Standard Time,MailOnFailure
0,491aaaab-b9ae-4c54-a0b0-23deff0cdfc4,http://wabi-north-europe-l-primary-redirect.analysis.windows.net/v1.0/myorg/$metadata#Microsoft.PowerBI.ServiceContracts.Api.V1.RefreshSchedule,"Sunday,Monday,Tuesday,Wednesday,Thursday,Friday,Saturday",06:00,True,Arabian Standard Time,MailOnFailure
0,93d6c951-896e-440c-a8bf-96b5595ed917,http://wabi-north-europe-l-primary-redirect.analysis.windows.net/v1.0/myorg/$metadata#Microsoft.PowerBI.ServiceContracts.Api.V1.RefreshSchedule,"Sunday,Monday,Tuesday,Wednesday,Thursday,Friday,Saturday",07:30,False,UTC,MailOnFailure
0,4c5526c9-cd90-498b-8c70-1089fe672379,http://wabi-north-europe-l-primary-redirect.analysis.windows.net/v1.0/myorg/$metadata#Microsoft.PowerBI.ServiceContracts.Api.V1.RefreshSchedule,"Sunday,Monday,Tuesday,Wednesday,Thursday,Friday,Saturday",07:30,True,India Standard Time,MailOnFailure
0,d6aaf2b1-9c2a-44d3-af8b-4fc005721460,http://wabi-north-europe-l-primary-redirect.analysis.windows.net/v1.0/myorg/$metadata#Microsoft.PowerBI.ServiceContracts.Api.V1.RefreshSchedule,"Sunday,Monday,Tuesday,Wednesday,Thursday,Friday,Saturday",06:00,True,Arabian Standard Time,MailOnFailure
0,802099e1-7e87-42d4-a417-eea493a378ae,http://wabi-north-europe-l-primary-redirect.analysis.windows.net/v1.0/myorg/$metadata#Microsoft.PowerBI.ServiceContracts.Api.V1.RefreshSchedule,"Sunday,Monday,Tuesday,Wednesday,Thursday,Friday,Saturday",06:00,True,Arabian Standard Time,MailOnFailure
0,950c7570-af36-4acd-84ce-eb7b2e2e515f,http://wabi-north-europe-l-primary-redirect.analysis.windows.net/v1.0/myorg/$metadata#Microsoft.PowerBI.ServiceContracts.Api.V1.RefreshSchedule,"Sunday,Monday,Tuesday,Wednesday,Thursday,Friday,Saturday",06:00,True,Arabian Standard Time,MailOnFailure
0,6a4221d4-3f3c-444a-b250-1eeda9f259be,http://wabi-north-europe-l-primary-redirect.analysis.windows.net/v1.0/myorg/$metadata#Microsoft.PowerBI.ServiceContracts.Api.V1.RefreshSchedule,"Sunday,Monday,Tuesday,Wednesday,Thursday,Friday,Saturday",05:00,True,Arabian Standard Time,MailOnFailure
0,e1116a5e-f6d4-4f10-b3b1-10a8bed72670,http://wabi-north-europe-l-primary-redirect.analysis.windows.net/v1.0/myorg/$metadata#Microsoft.PowerBI.ServiceContracts.Api.V1.RefreshSchedule,"Sunday,Monday,Tuesday,Wednesday,Thursday,Friday,Saturday",07:00,True,Arabian Standard Time,MailOnFailure
0,99a630c4-6bd5-4381-8744-d75395bdaa99,http://wabi-north-europe-l-primary-redirect.analysis.windows.net/v1.0/myorg/$metadata#Microsoft.PowerBI.ServiceContracts.Api.V1.RefreshSchedule,"Sunday,Monday,Tuesday,Wednesday,Thursday,Friday,Saturday",05:00,True,Arabian Standard Time,MailOnFailure
0,b67c6925-2a23-4e04-a25d-2f2808bf127a,http://wabi-north-europe-l-primary-redirect.analysis.windows.net/v1.0/myorg/$metadata#Microsoft.PowerBI.ServiceContracts.Api.V1.RefreshSchedule,"Sunday,Monday,Tuesday,Wednesday,Thursday,Friday,Saturday",02:30,False,UTC,MailOnFailure
0,11105c18-1010-4bd2-a052-10745071c500,http://wabi-north-europe-l-primary-redirect.analysis.windows.net/v1.0/myorg/$metadata#Microsoft.PowerBI.ServiceContracts.Api.V1.RefreshSchedule,"Sunday,Monday,Tuesday,Wednesday,Thursday,Friday,Saturday",06:00,True,Arabian Standard Time,MailOnFailure
0,0bd4740e-4233-418f-b519-0d897d707873,http://wabi-north-europe-l-primary-redirect.analysis.windows.net/v1.0/myorg/$metadata#Microsoft.PowerBI.ServiceContracts.Api.V1.RefreshSchedule,"Sunday,Monday,Tuesday,Wednesday,Thursday,Friday,Saturday",06:00,True,Arabian Standard Time,MailOnFailure
0,20472b67-16a2-4469-b3d1-d171557536bf,http://wabi-north-europe-l-primary-redirect.analysis.windows.net/v1.0/myorg/$metadata#Microsoft.PowerBI.ServiceContracts.Api.V1.RefreshSchedule,"Sunday,Monday,Tuesday,Wednesday,Thursday,Friday,Saturday",08:00,True,India Standard Time,MailOnFailure
0,a8b3efe2-fc23-4737-a207-79a9ff325811,http://wabi-north-europe-l-primary-redirect.analysis.windows.net/v1.0/myorg/$metadata#Microsoft.PowerBI.ServiceContracts.Api.V1.RefreshSchedule,"Sunday,Monday,Tuesday,Wednesday,Thursday,Friday,Saturday",18:00,False,UTC,MailOnFailure
0,5fa9683d-2bc0-45aa-868e-68bea028be17,http://wabi-north-europe-l-primary-redirect.analysis.windows.net/v1.0/myorg/$metadata#Microsoft.PowerBI.ServiceContracts.Api.V1.RefreshSchedule,"Sunday,Monday,Tuesday,Wednesday,Thursday,Friday,Saturday",11:30,False,UTC,MailOnFailure
0,7dd6f308-e7e2-4b32-bc11-c5a6d47223de,http://wabi-north-europe-l-primary-redirect.analysis.windows.net/v1.0/myorg/$metadata#Microsoft.PowerBI.ServiceContracts.Api.V1.RefreshSchedule,"Sunday,Monday,Tuesday,Wednesday,Thursday,Friday,Saturday",02:30,False,UTC,MailOnFailure
0,14ae4038-b678-4752-a7a9-896150656d8f,http://wabi-north-europe-l-primary-redirect.analysis.windows.net/v1.0/myorg/$metadata#Microsoft.PowerBI.ServiceContracts.Api.V1.RefreshSchedule,"Sunday,Monday,Tuesday,Wednesday,Thursday,Friday,Saturday",19:00,False,UTC,MailOnFailure
0,af1dfc67-4ab4-4937-9d58-e90031af9dc4,http://wabi-north-europe-l-primary-redirect.analysis.windows.net/v1.0/myorg/$metadata#Microsoft.PowerBI.ServiceContracts.Api.V1.RefreshSchedule,"Sunday,Monday,Tuesday,Wednesday,Thursday,Friday,Saturday",11:00,False,UTC,MailOnFailure
0,ca519365-562c-40c9-ad92-20e13797a4a2,http://wabi-north-europe-l-primary-redirect.analysis.windows.net/v1.0/myorg/$metadata#Microsoft.PowerBI.ServiceContracts.Api.V1.RefreshSchedule,"Sunday,Monday,Tuesday,Wednesday,Thursday,Friday,Saturday",23:00,False,UTC,MailOnFailure
0,17ad2531-8de8-497e-b167-6aea7ce9d228,http://wabi-north-europe-l-primary-redirect.analysis.windows.net/v1.0/myorg/$metadata#Microsoft.PowerBI.ServiceContracts.Api.V1.RefreshSchedule,"Sunday,Monday,Tuesday,Wednesday,Thursday,Friday,Saturday",09:03,True,UTC,MailOnFailure
0,31b1418e-17f1-42b5-b803-673a5dbf8a62,http://wabi-north-europe-l-primary-redirect.analysis.windows.net/v1.0/myorg/$metadata#Microsoft.PowerBI.ServiceContracts.Api.V1.RefreshSchedule,"Sunday,Monday,Tuesday,Wednesday,Thursday,Friday,Saturday",18:00,False,UTC,MailOnFailure
0,9e58c01e-161f-4d51-8def-00c8f749f72a,http://wabi-north-europe-l-primary-redirect.analysis.windows.net/v1.0/myorg/$metadata#Microsoft.PowerBI.ServiceContracts.Api.V1.RefreshSchedule,"Sunday,Monday,Tuesday,Wednesday,Thursday,Friday,Saturday",06:30,False,Arabian Standard Time,MailOnFailure
0,28a1a4a4-4d48-4d44-b338-31a40acf7ce1,http://wabi-north-europe-l-primary-redirect.analysis.windows.net/v1.0/myorg/$metadata#Microsoft.PowerBI.ServiceContracts.Api.V1.RefreshSchedule,"Sunday,Monday,Tuesday,Wednesday,Thursday,Friday,Saturday",01:00,False,UTC,MailOnFailure
0,d43705b4-2211-4b04-afb3-9d1f7c2bb3e0,http://wabi-north-europe-l-primary-redirect.analysis.windows.net/v1.0/myorg/$metadata#Microsoft.PowerBI.ServiceContracts.Api.V1.RefreshSchedule,"Sunday,Monday,Tuesday,Wednesday,Thursday,Friday,Saturday",18:30,False,UTC,MailOnFailure
0,226bbf35-dfb7-4f87-a1e5-e378f3bad1a9,http://wabi-north-europe-l-primary-redirect.analysis.windows.net/v1.0/myorg/$metadata#Microsoft.PowerBI.ServiceContracts.Api.V1.RefreshSchedule,"Sunday,Monday,Tuesday,Wednesday,Thursday,Friday,Saturday",01:30,False,UTC,MailOnFailure
0,a0738996-2b61-48f1-8869-5cd44d140fbb,http://wabi-north-europe-l-primary-redirect.analysis.windows.net/v1.0/myorg/$metadata#Microsoft.PowerBI.ServiceContracts.Api.V1.RefreshSchedule,"Sunday,Monday,Tuesday,Wednesday,Thursday,Friday,Saturday",11:30,False,UTC,MailOnFailure
0,dfff37ec-1754-46e9-a5b8-4ccb87be6a94,http://wabi-north-europe-l-primary-redirect.analysis.windows.net/v1.0/myorg/$metadata#Microsoft.PowerBI.ServiceContracts.Api.V1.RefreshSchedule,"Sunday,Monday,Tuesday,Wednesday,Thursday,Friday,Saturday",08:00,True,India Standard Time,MailOnFailure
0,f65e5945-88e0-4d02-bbd2-767eeaa070ff,http://wabi-north-europe-l-primary-redirect.analysis.windows.net/v1.0/myorg/$metadata#Microsoft.PowerBI.ServiceContracts.Api.V1.RefreshSchedule,"Sunday,Monday,Tuesday,Wednesday,Thursday,Friday,Saturday",08:00,True,India Standard Time,MailOnFailure
0,9896f7e2-4f55-4ce4-b1ab-65a587474a15,http://wabi-north-europe-l-primary-redirect.analysis.windows.net/v1.0/myorg/$metadata#Microsoft.PowerBI.ServiceContracts.Api.V1.RefreshSchedule,"Sunday,Monday,Tuesday,Wednesday,Thursday,Friday,Saturday",08:00,True,India Standard Time,MailOnFailure
0,a6b48991-6025-4ab1-acca-7c46fd7462c3,http://wabi-north-europe-l-primary-redirect.analysis.windows.net/v1.0/myorg/$metadata#Microsoft.PowerBI.ServiceContracts.Api.V1.RefreshSchedule,"Sunday,Monday,Tuesday,Wednesday,Thursday,Friday,Saturday",08:00,True,India Standard Time,MailOnFailure
0,04347dfc-6fcb-4457-b3d7-bdb9a6df717a,http://wabi-north-europe-l-primary-redirect.analysis.windows.net/v1.0/myorg/$metadata#Microsoft.PowerBI.ServiceContracts.Api.V1.RefreshSchedule,"Sunday,Monday,Tuesday,Wednesday,Thursday,Friday,Saturday",08:00,True,India Standard Time,MailOnFailure
0,2a1a9f90-0f91-42e3-b17a-17f2bfd21a0a,http://wabi-north-europe-l-primary-redirect.analysis.windows.net/v1.0/myorg/$metadata#Microsoft.PowerBI.ServiceContracts.Api.V1.RefreshSchedule,"Sunday,Monday,Tuesday,Wednesday,Thursday,Friday,Saturday",08:00,True,India Standard Time,MailOnFailure
0,fe7de763-578c-496c-a032-1f88a0ab4eb9,http://wabi-north-europe-l-primary-redirect.analysis.windows.net/v1.0/myorg/$metadata#Microsoft.PowerBI.ServiceContracts.Api.V1.RefreshSchedule,"Sunday,Monday,Tuesday,Wednesday,Thursday,Friday,Saturday",08:00,True,India Standard Time,MailOnFailure
0,0cd5e793-b5f2-40cb-bac1-98e9a039c448,http://wabi-north-europe-l-primary-redirect.analysis.windows.net/v1.0/myorg/$metadata#Microsoft.PowerBI.ServiceContracts.Api.V1.RefreshSchedule,"Sunday,Monday,Tuesday,Wednesday,Thursday,Friday,Saturday",07:00,False,UTC,MailOnFailure
0,ff8acedd-ff1b-4763-b2c4-f749437e96a7,http://wabi-north-europe-l-primary-redirect.analysis.windows.net/v1.0/myorg/$metadata#Microsoft.PowerBI.ServiceContracts.Api.V1.RefreshSchedule,"Sunday,Monday,Tuesday,Wednesday,Thursday,Friday,Saturday",08:00,True,India Standard Time,MailOnFailure
0,b0990b8b-054c-4ad9-a932-d3d9214cad3b,http://wabi-north-europe-l-primary-redirect.analysis.windows.net/v1.0/myorg/$metadata#Microsoft.PowerBI.ServiceContracts.Api.V1.RefreshSchedule,"Sunday,Monday,Tuesday,Wednesday,Thursday,Friday,Saturday",08:00,True,India Standard Time,MailOnFailure
0,975115b4-7ba9-440f-a6bb-64fa3e904f77,http://wabi-north-europe-l-primary-redirect.analysis.windows.net/v1.0/myorg/$metadata#Microsoft.PowerBI.ServiceContracts.Api.V1.RefreshSchedule,"Sunday,Monday,Tuesday,Wednesday,Thursday,Friday,Saturday",01:00,False,UTC,MailOnFailure
0,dbb6e6a2-79ac-4265-89ad-b8bc82ff88b8,http://wabi-north-europe-l-primary-redirect.analysis.windows.net/v1.0/myorg/$metadata#Microsoft.PowerBI.ServiceContracts.Api.V1.RefreshSchedule,"Sunday,Monday,Tuesday,Wednesday,Thursday,Friday,Saturday",17:30,False,UTC,MailOnFailure
0,ead1d298-eb03-468a-b31a-97844664c4c1,http://wabi-north-europe-l-primary-redirect.analysis.windows.net/v1.0/myorg/$metadata#Microsoft.PowerBI.ServiceContracts.Api.V1.RefreshSchedule,"Sunday,Monday,Tuesday,Wednesday,Thursday,Friday,Saturday",06:00,False,UTC,MailOnFailure
0,411c74ce-b836-4bfe-947f-086d53cc60d0,http://wabi-north-europe-l-primary-redirect.analysis.windows.net/v1.0/myorg/$metadata#Microsoft.PowerBI.ServiceContracts.Api.V1.RefreshSchedule,"Sunday,Monday,Tuesday,Wednesday,Thursday,Friday,Saturday",16:30,False,UTC,MailOnFailure
0,c83ba519-9322-4a51-b470-6c0a0cda22ef,http://wabi-north-europe-l-primary-redirect.analysis.windows.net/v1.0/myorg/$metadata#Microsoft.PowerBI.ServiceContracts.Api.V1.RefreshSchedule,"Sunday,Monday,Tuesday,Wednesday,Thursday,Friday,Saturday",02:00,False,UTC,MailOnFailure
0,b82f1042-7b27-4f5b-a02f-53f01e98c834,http://wabi-north-europe-l-primary-redirect.analysis.windows.net/v1.0/myorg/$metadata#Microsoft.PowerBI.ServiceContracts.Api.V1.RefreshSchedule,"Sunday,Monday,Tuesday,Wednesday,Thursday,Friday,Saturday",23:00,False,UTC,MailOnFailure
0,82c62f7d-1363-425f-b4d8-def1ce14217a,http://wabi-north-europe-l-primary-redirect.analysis.windows.net/v1.0/myorg/$metadata#Microsoft.PowerBI.ServiceContracts.Api.V1.RefreshSchedule,"Sunday,Monday,Tuesday,Wednesday,Thursday,Friday,Saturday",01:00,False,UTC,MailOnFailure
0,d9702a01-3caa-470a-a654-8dd2edabc79e,http://wabi-north-europe-l-primary-redirect.analysis.windows.net/v1.0/myorg/$metadata#Microsoft.PowerBI.ServiceContracts.Api.V1.RefreshSchedule,"Sunday,Monday,Tuesday,Wednesday,Thursday,Friday,Saturday",08:00,False,UTC,MailOnFailure
0,3b53b160-f6ec-4b6f-b0a4-70fb21e8f187,http://wabi-north-europe-l-primary-redirect.analysis.windows.net/v1.0/myorg/$metadata#Microsoft.PowerBI.ServiceContracts.Api.V1.RefreshSchedule,"Sunday,Monday,Tuesday,Wednesday,Thursday,Friday,Saturday",02:00,False,UTC,MailOnFailure
0,4eaa4d52-31ef-4417-8f37-dc2ea24a6853,http://wabi-north-europe-l-primary-redirect.analysis.windows.net/v1.0/myorg/$metadata#Microsoft.PowerBI.ServiceContracts.Api.V1.RefreshSchedule,"Sunday,Monday,Tuesday,Wednesday,Thursday,Friday,Saturday",09:30,False,UTC,MailOnFailure
0,7a7b2ece-92f3-475f-8535-bb3605dc31ce,http://wabi-north-europe-l-primary-redirect.analysis.windows.net/v1.0/myorg/$metadata#Microsoft.PowerBI.ServiceContracts.Api.V1.RefreshSchedule,"Sunday,Monday,Tuesday,Wednesday,Thursday,Friday,Saturday",22:30,False,UTC,MailOnFailure
0,6d84375b-bcda-4e9c-956d-9e693e2c7bec,http://wabi-north-europe-l-primary-redirect.analysis.windows.net/v1.0/myorg/$metadata#Microsoft.PowerBI.ServiceContracts.Api.V1.RefreshSchedule,"Sunday,Monday,Tuesday,Wednesday,Thursday,Friday,Saturday",01:30,False,UTC,MailOnFailure
0,c70e7791-dfb2-45e8-a7ea-71ba81393493,http://wabi-north-europe-l-primary-redirect.analysis.windows.net/v1.0/myorg/$metadata#Microsoft.PowerBI.ServiceContracts.Api.V1.RefreshSchedule,"Sunday,Monday,Tuesday,Wednesday,Thursday,Friday,Saturday",18:00,False,UTC,MailOnFailure
0,dd77f66d-6320-42d2-ba10-300f5d767fb1,http://wabi-north-europe-l-primary-redirect.analysis.windows.net/v1.0/myorg/$metadata#Microsoft.PowerBI.ServiceContracts.Api.V1.RefreshSchedule,"Sunday,Monday,Tuesday,Wednesday,Thursday,Friday,Saturday",05:00,False,UTC,MailOnFailure
0,42be7eff-20e6-4da0-a3fb-d9114ec412c7,http://wabi-north-europe-l-primary-redirect.analysis.windows.net/v1.0/myorg/$metadata#Microsoft.PowerBI.ServiceContracts.Api.V1.RefreshSchedule,"Sunday,Monday,Tuesday,Wednesday,Thursday,Friday,Saturday",09:30,False,UTC,MailOnFailure
0,e093ee91-936a-41be-9d7f-6aaef5242ee2,http://wabi-north-europe-l-primary-redirect.analysis.windows.net/v1.0/myorg/$metadata#Microsoft.PowerBI.ServiceContracts.Api.V1.RefreshSchedule,"Sunday,Monday,Tuesday,Wednesday,Thursday,Friday,Saturday",06:00,True,Arabian Standard Time,MailOnFailure
